# ************************************************************
# Sequel Pro SQL dump
# Version 4096
#
# http://www.sequelpro.com/
# http://code.google.com/p/sequel-pro/
#
# Host: localhost (MySQL 5.5.9)
# Database: ss_silverstripe
# Generation Time: 2013-09-05 18:46:38 +1200
# ************************************************************


/*!40101 SET @OLD_CHARACTER_SET_CLIENT=@@CHARACTER_SET_CLIENT */;
/*!40101 SET @OLD_CHARACTER_SET_RESULTS=@@CHARACTER_SET_RESULTS */;
/*!40101 SET @OLD_COLLATION_CONNECTION=@@COLLATION_CONNECTION */;
/*!40101 SET NAMES utf8 */;
/*!40014 SET @OLD_FOREIGN_KEY_CHECKS=@@FOREIGN_KEY_CHECKS, FOREIGN_KEY_CHECKS=0 */;
/*!40101 SET @OLD_SQL_MODE=@@SQL_MODE, SQL_MODE='NO_AUTO_VALUE_ON_ZERO' */;
/*!40111 SET @OLD_SQL_NOTES=@@SQL_NOTES, SQL_NOTES=0 */;


# Dump of table _obsolete_HomePage
# ------------------------------------------------------------

DROP TABLE IF EXISTS `_obsolete_HomePage`;

CREATE TABLE `_obsolete_HomePage` (
  `ID` int(11) NOT NULL AUTO_INCREMENT,
  `Intro` varchar(512) CHARACTER SET utf8 DEFAULT NULL,
  `HeroImageID` int(11) NOT NULL DEFAULT '0',
  PRIMARY KEY (`ID`),
  KEY `HeroImageID` (`HeroImageID`)
) ENGINE=InnoDB DEFAULT CHARSET=latin1;

LOCK TABLES `_obsolete_HomePage` WRITE;
/*!40000 ALTER TABLE `_obsolete_HomePage` DISABLE KEYS */;

INSERT INTO `_obsolete_HomePage` (`ID`, `Intro`, `HeroImageID`)
VALUES
	(13,'Lorem ipsum dolor sit amet, consectetur adip iscing elit. Suspendisse orci sem, consectetur sit ame molestie sed.',39);

/*!40000 ALTER TABLE `_obsolete_HomePage` ENABLE KEYS */;
UNLOCK TABLES;


# Dump of table _obsolete_HomePage_Live
# ------------------------------------------------------------

DROP TABLE IF EXISTS `_obsolete_HomePage_Live`;

CREATE TABLE `_obsolete_HomePage_Live` (
  `ID` int(11) NOT NULL AUTO_INCREMENT,
  `Intro` varchar(512) CHARACTER SET utf8 DEFAULT NULL,
  `HeroImageID` int(11) NOT NULL DEFAULT '0',
  PRIMARY KEY (`ID`),
  KEY `HeroImageID` (`HeroImageID`)
) ENGINE=InnoDB DEFAULT CHARSET=latin1;

LOCK TABLES `_obsolete_HomePage_Live` WRITE;
/*!40000 ALTER TABLE `_obsolete_HomePage_Live` DISABLE KEYS */;

INSERT INTO `_obsolete_HomePage_Live` (`ID`, `Intro`, `HeroImageID`)
VALUES
	(13,'Lorem ipsum dolor sit amet, consectetur adip iscing elit. Suspendisse orci sem, consectetur sit ame molestie sed.',39);

/*!40000 ALTER TABLE `_obsolete_HomePage_Live` ENABLE KEYS */;
UNLOCK TABLES;


# Dump of table _obsolete_HomePage_versions
# ------------------------------------------------------------

DROP TABLE IF EXISTS `_obsolete_HomePage_versions`;

CREATE TABLE `_obsolete_HomePage_versions` (
  `ID` int(11) NOT NULL AUTO_INCREMENT,
  `RecordID` int(11) NOT NULL DEFAULT '0',
  `Version` int(11) NOT NULL DEFAULT '0',
  `Intro` varchar(512) CHARACTER SET utf8 DEFAULT NULL,
  `HeroImageID` int(11) NOT NULL DEFAULT '0',
  PRIMARY KEY (`ID`),
  UNIQUE KEY `RecordID_Version` (`RecordID`,`Version`),
  KEY `RecordID` (`RecordID`),
  KEY `Version` (`Version`),
  KEY `HeroImageID` (`HeroImageID`)
) ENGINE=InnoDB DEFAULT CHARSET=latin1;

LOCK TABLES `_obsolete_HomePage_versions` WRITE;
/*!40000 ALTER TABLE `_obsolete_HomePage_versions` DISABLE KEYS */;

INSERT INTO `_obsolete_HomePage_versions` (`ID`, `RecordID`, `Version`, `Intro`, `HeroImageID`)
VALUES
	(1,13,6,NULL,27),
	(2,13,7,'Lorem ipsum dolor sit amet, consectetur adip iscing elit. Suspendisse orci sem, consectetur sit ame molestie sed.',27),
	(3,13,8,'Lorem ipsum dolor sit amet, consectetur adip iscing elit. Suspendisse orci sem, consectetur sit ame molestie sed.',27),
	(4,13,9,'Lorem ipsum dolor sit amet, consectetur adip iscing elit. Suspendisse orci sem, consectetur sit ame molestie sed.',0),
	(5,13,10,'Lorem ipsum dolor sit amet, consectetur adip iscing elit. Suspendisse orci sem, consectetur sit ame molestie sed.',39),
	(6,13,11,'Lorem ipsum dolor sit amet, consectetur adip iscing elit. Suspendisse orci sem, consectetur sit ame molestie sed.',39);

/*!40000 ALTER TABLE `_obsolete_HomePage_versions` ENABLE KEYS */;
UNLOCK TABLES;


# Dump of table CustomMenuHolder
# ------------------------------------------------------------

DROP TABLE IF EXISTS `CustomMenuHolder`;

CREATE TABLE `CustomMenuHolder` (
  `ID` int(11) NOT NULL AUTO_INCREMENT,
  `ClassName` enum('CustomMenuHolder') CHARACTER SET utf8 DEFAULT 'CustomMenuHolder',
  `Created` datetime DEFAULT NULL,
  `LastEdited` datetime DEFAULT NULL,
  `Title` mediumtext CHARACTER SET utf8,
  `Slug` mediumtext CHARACTER SET utf8,
  `Order` mediumtext CHARACTER SET utf8,
  PRIMARY KEY (`ID`),
  KEY `ClassName` (`ClassName`)
) ENGINE=InnoDB DEFAULT CHARSET=latin1;

LOCK TABLES `CustomMenuHolder` WRITE;
/*!40000 ALTER TABLE `CustomMenuHolder` DISABLE KEYS */;

INSERT INTO `CustomMenuHolder` (`ID`, `ClassName`, `Created`, `LastEdited`, `Title`, `Slug`, `Order`)
VALUES
	(1,'CustomMenuHolder','2013-09-05 18:40:51','2013-09-05 18:40:51','Main Menu','main-menu',NULL),
	(2,'CustomMenuHolder','2013-09-05 18:40:51','2013-09-05 18:40:51','Header Menu','header-menu',NULL),
	(3,'CustomMenuHolder','2013-09-05 18:40:51','2013-09-05 18:40:51','Footer Menu','footer-menu',NULL);

/*!40000 ALTER TABLE `CustomMenuHolder` ENABLE KEYS */;
UNLOCK TABLES;


# Dump of table CustomMenuHolder_Pages
# ------------------------------------------------------------

DROP TABLE IF EXISTS `CustomMenuHolder_Pages`;

CREATE TABLE `CustomMenuHolder_Pages` (
  `ID` int(11) NOT NULL AUTO_INCREMENT,
  `CustomMenuHolderID` int(11) NOT NULL DEFAULT '0',
  `SiteTreeID` int(11) NOT NULL DEFAULT '0',
  PRIMARY KEY (`ID`),
  KEY `CustomMenuHolderID` (`CustomMenuHolderID`),
  KEY `SiteTreeID` (`SiteTreeID`)
) ENGINE=InnoDB DEFAULT CHARSET=latin1;



# Dump of table Email_BounceRecord
# ------------------------------------------------------------

DROP TABLE IF EXISTS `Email_BounceRecord`;

CREATE TABLE `Email_BounceRecord` (
  `ID` int(11) NOT NULL AUTO_INCREMENT,
  `ClassName` enum('Email_BounceRecord') CHARACTER SET utf8 DEFAULT 'Email_BounceRecord',
  `Created` datetime DEFAULT NULL,
  `LastEdited` datetime DEFAULT NULL,
  `BounceEmail` varchar(50) CHARACTER SET utf8 DEFAULT NULL,
  `BounceTime` datetime DEFAULT NULL,
  `BounceMessage` varchar(50) CHARACTER SET utf8 DEFAULT NULL,
  `MemberID` int(11) NOT NULL DEFAULT '0',
  PRIMARY KEY (`ID`),
  KEY `MemberID` (`MemberID`),
  KEY `ClassName` (`ClassName`)
) ENGINE=InnoDB DEFAULT CHARSET=latin1;



# Dump of table ErrorPage
# ------------------------------------------------------------

DROP TABLE IF EXISTS `ErrorPage`;

CREATE TABLE `ErrorPage` (
  `ID` int(11) NOT NULL AUTO_INCREMENT,
  `ErrorCode` int(11) NOT NULL DEFAULT '0',
  PRIMARY KEY (`ID`)
) ENGINE=InnoDB DEFAULT CHARSET=latin1;

LOCK TABLES `ErrorPage` WRITE;
/*!40000 ALTER TABLE `ErrorPage` DISABLE KEYS */;

INSERT INTO `ErrorPage` (`ID`, `ErrorCode`)
VALUES
	(4,404),
	(5,500);

/*!40000 ALTER TABLE `ErrorPage` ENABLE KEYS */;
UNLOCK TABLES;


# Dump of table ErrorPage_Live
# ------------------------------------------------------------

DROP TABLE IF EXISTS `ErrorPage_Live`;

CREATE TABLE `ErrorPage_Live` (
  `ID` int(11) NOT NULL AUTO_INCREMENT,
  `ErrorCode` int(11) NOT NULL DEFAULT '0',
  PRIMARY KEY (`ID`)
) ENGINE=InnoDB DEFAULT CHARSET=latin1;

LOCK TABLES `ErrorPage_Live` WRITE;
/*!40000 ALTER TABLE `ErrorPage_Live` DISABLE KEYS */;

INSERT INTO `ErrorPage_Live` (`ID`, `ErrorCode`)
VALUES
	(4,404),
	(5,500);

/*!40000 ALTER TABLE `ErrorPage_Live` ENABLE KEYS */;
UNLOCK TABLES;


# Dump of table ErrorPage_versions
# ------------------------------------------------------------

DROP TABLE IF EXISTS `ErrorPage_versions`;

CREATE TABLE `ErrorPage_versions` (
  `ID` int(11) NOT NULL AUTO_INCREMENT,
  `RecordID` int(11) NOT NULL DEFAULT '0',
  `Version` int(11) NOT NULL DEFAULT '0',
  `ErrorCode` int(11) NOT NULL DEFAULT '0',
  PRIMARY KEY (`ID`),
  UNIQUE KEY `RecordID_Version` (`RecordID`,`Version`),
  KEY `RecordID` (`RecordID`),
  KEY `Version` (`Version`)
) ENGINE=InnoDB DEFAULT CHARSET=latin1;



# Dump of table FacebookPage
# ------------------------------------------------------------

DROP TABLE IF EXISTS `FacebookPage`;

CREATE TABLE `FacebookPage` (
  `ID` int(11) NOT NULL AUTO_INCREMENT,
  `FacebookTitle` varchar(255) CHARACTER SET utf8 DEFAULT NULL,
  `FacebookAppId` varchar(50) CHARACTER SET utf8 DEFAULT NULL,
  `FacebookAppSecret` varchar(128) CHARACTER SET utf8 DEFAULT NULL,
  `FacebookCanvasURL` varchar(512) CHARACTER SET utf8 DEFAULT NULL,
  `FacebookPageTabURL` varchar(512) CHARACTER SET utf8 DEFAULT NULL,
  `FacebookPermissions` varchar(255) CHARACTER SET utf8 DEFAULT NULL,
  `FacebookNameSpace` varchar(255) CHARACTER SET utf8 DEFAULT NULL,
  `OGTitle` varchar(1024) CHARACTER SET utf8 DEFAULT NULL,
  `OGDescription` varchar(1024) CHARACTER SET utf8 DEFAULT NULL,
  `OGImageUrl` varchar(512) CHARACTER SET utf8 DEFAULT NULL,
  PRIMARY KEY (`ID`)
) ENGINE=InnoDB DEFAULT CHARSET=latin1;



# Dump of table FacebookPage_Live
# ------------------------------------------------------------

DROP TABLE IF EXISTS `FacebookPage_Live`;

CREATE TABLE `FacebookPage_Live` (
  `ID` int(11) NOT NULL AUTO_INCREMENT,
  `FacebookTitle` varchar(255) CHARACTER SET utf8 DEFAULT NULL,
  `FacebookAppId` varchar(50) CHARACTER SET utf8 DEFAULT NULL,
  `FacebookAppSecret` varchar(128) CHARACTER SET utf8 DEFAULT NULL,
  `FacebookCanvasURL` varchar(512) CHARACTER SET utf8 DEFAULT NULL,
  `FacebookPageTabURL` varchar(512) CHARACTER SET utf8 DEFAULT NULL,
  `FacebookPermissions` varchar(255) CHARACTER SET utf8 DEFAULT NULL,
  `FacebookNameSpace` varchar(255) CHARACTER SET utf8 DEFAULT NULL,
  `OGTitle` varchar(1024) CHARACTER SET utf8 DEFAULT NULL,
  `OGDescription` varchar(1024) CHARACTER SET utf8 DEFAULT NULL,
  `OGImageUrl` varchar(512) CHARACTER SET utf8 DEFAULT NULL,
  PRIMARY KEY (`ID`)
) ENGINE=InnoDB DEFAULT CHARSET=latin1;



# Dump of table FacebookPage_versions
# ------------------------------------------------------------

DROP TABLE IF EXISTS `FacebookPage_versions`;

CREATE TABLE `FacebookPage_versions` (
  `ID` int(11) NOT NULL AUTO_INCREMENT,
  `RecordID` int(11) NOT NULL DEFAULT '0',
  `Version` int(11) NOT NULL DEFAULT '0',
  `FacebookTitle` varchar(255) CHARACTER SET utf8 DEFAULT NULL,
  `FacebookAppId` varchar(50) CHARACTER SET utf8 DEFAULT NULL,
  `FacebookAppSecret` varchar(128) CHARACTER SET utf8 DEFAULT NULL,
  `FacebookCanvasURL` varchar(512) CHARACTER SET utf8 DEFAULT NULL,
  `FacebookPageTabURL` varchar(512) CHARACTER SET utf8 DEFAULT NULL,
  `FacebookPermissions` varchar(255) CHARACTER SET utf8 DEFAULT NULL,
  `FacebookNameSpace` varchar(255) CHARACTER SET utf8 DEFAULT NULL,
  `OGTitle` varchar(1024) CHARACTER SET utf8 DEFAULT NULL,
  `OGDescription` varchar(1024) CHARACTER SET utf8 DEFAULT NULL,
  `OGImageUrl` varchar(512) CHARACTER SET utf8 DEFAULT NULL,
  PRIMARY KEY (`ID`),
  UNIQUE KEY `RecordID_Version` (`RecordID`,`Version`),
  KEY `RecordID` (`RecordID`),
  KEY `Version` (`Version`)
) ENGINE=InnoDB DEFAULT CHARSET=latin1;



# Dump of table File
# ------------------------------------------------------------

DROP TABLE IF EXISTS `File`;

CREATE TABLE `File` (
  `ID` int(11) NOT NULL AUTO_INCREMENT,
  `ClassName` enum('File','Folder','Image','Image_Cached') CHARACTER SET utf8 DEFAULT 'File',
  `Created` datetime DEFAULT NULL,
  `LastEdited` datetime DEFAULT NULL,
  `Name` varchar(255) CHARACTER SET utf8 DEFAULT NULL,
  `Title` varchar(255) CHARACTER SET utf8 DEFAULT NULL,
  `Filename` mediumtext CHARACTER SET utf8,
  `Content` mediumtext CHARACTER SET utf8,
  `ShowInSearch` tinyint(1) unsigned NOT NULL DEFAULT '1',
  `ParentID` int(11) NOT NULL DEFAULT '0',
  `OwnerID` int(11) NOT NULL DEFAULT '0',
  PRIMARY KEY (`ID`),
  KEY `ParentID` (`ParentID`),
  KEY `OwnerID` (`OwnerID`),
  KEY `ClassName` (`ClassName`)
) ENGINE=InnoDB DEFAULT CHARSET=latin1;

LOCK TABLES `File` WRITE;
/*!40000 ALTER TABLE `File` DISABLE KEYS */;

INSERT INTO `File` (`ID`, `ClassName`, `Created`, `LastEdited`, `Name`, `Title`, `Filename`, `Content`, `ShowInSearch`, `ParentID`, `OwnerID`)
VALUES
	(1,'Folder','2013-03-12 13:40:38','2013-03-12 13:40:38','Uploads','Uploads','assets/Uploads/',NULL,1,0,0),
	(2,'File','2013-03-12 13:40:38','2013-03-12 13:40:38','error-404.html','error-404.html','assets/error-404.html',NULL,1,0,0),
	(3,'File','2013-03-12 13:40:38','2013-03-12 13:40:38','error-500.html','error-500.html','assets/error-500.html',NULL,1,0,0),
	(55,'File','2013-03-28 10:36:55','2013-03-28 10:36:55','maintenance.css','maintenance.css','assets/maintenance.css',NULL,1,0,1),
	(56,'File','2013-03-28 10:36:55','2013-03-28 10:36:55','maintenance.html','maintenance.html','assets/maintenance.html',NULL,1,0,1);

/*!40000 ALTER TABLE `File` ENABLE KEYS */;
UNLOCK TABLES;


# Dump of table Group
# ------------------------------------------------------------

DROP TABLE IF EXISTS `Group`;

CREATE TABLE `Group` (
  `ID` int(11) NOT NULL AUTO_INCREMENT,
  `ClassName` enum('Group') CHARACTER SET utf8 DEFAULT 'Group',
  `Created` datetime DEFAULT NULL,
  `LastEdited` datetime DEFAULT NULL,
  `Title` varchar(50) CHARACTER SET utf8 DEFAULT NULL,
  `Description` mediumtext CHARACTER SET utf8,
  `Code` varchar(50) CHARACTER SET utf8 DEFAULT NULL,
  `Locked` tinyint(1) unsigned NOT NULL DEFAULT '0',
  `Sort` int(11) NOT NULL DEFAULT '0',
  `HtmlEditorConfig` varchar(50) CHARACTER SET utf8 DEFAULT NULL,
  `ParentID` int(11) NOT NULL DEFAULT '0',
  PRIMARY KEY (`ID`),
  KEY `ParentID` (`ParentID`),
  KEY `ClassName` (`ClassName`)
) ENGINE=InnoDB DEFAULT CHARSET=latin1;

LOCK TABLES `Group` WRITE;
/*!40000 ALTER TABLE `Group` DISABLE KEYS */;

INSERT INTO `Group` (`ID`, `ClassName`, `Created`, `LastEdited`, `Title`, `Description`, `Code`, `Locked`, `Sort`, `HtmlEditorConfig`, `ParentID`)
VALUES
	(1,'Group','2013-03-12 13:40:37','2013-03-12 13:40:37','Content Authors',NULL,'content-authors',0,1,NULL,0),
	(2,'Group','2013-03-12 13:40:37','2013-03-12 13:40:37','Administrators',NULL,'administrators',0,0,NULL,0),
	(3,'Group','2013-03-28 10:41:23','2013-03-28 16:51:29','Manager',NULL,'manager',0,0,NULL,0);

/*!40000 ALTER TABLE `Group` ENABLE KEYS */;
UNLOCK TABLES;


# Dump of table Group_Members
# ------------------------------------------------------------

DROP TABLE IF EXISTS `Group_Members`;

CREATE TABLE `Group_Members` (
  `ID` int(11) NOT NULL AUTO_INCREMENT,
  `GroupID` int(11) NOT NULL DEFAULT '0',
  `MemberID` int(11) NOT NULL DEFAULT '0',
  PRIMARY KEY (`ID`),
  KEY `GroupID` (`GroupID`),
  KEY `MemberID` (`MemberID`)
) ENGINE=InnoDB DEFAULT CHARSET=latin1;

LOCK TABLES `Group_Members` WRITE;
/*!40000 ALTER TABLE `Group_Members` DISABLE KEYS */;

INSERT INTO `Group_Members` (`ID`, `GroupID`, `MemberID`)
VALUES
	(1,2,1),
	(3,2,3),
	(4,3,2);

/*!40000 ALTER TABLE `Group_Members` ENABLE KEYS */;
UNLOCK TABLES;


# Dump of table Group_Roles
# ------------------------------------------------------------

DROP TABLE IF EXISTS `Group_Roles`;

CREATE TABLE `Group_Roles` (
  `ID` int(11) NOT NULL AUTO_INCREMENT,
  `GroupID` int(11) NOT NULL DEFAULT '0',
  `PermissionRoleID` int(11) NOT NULL DEFAULT '0',
  PRIMARY KEY (`ID`),
  KEY `GroupID` (`GroupID`),
  KEY `PermissionRoleID` (`PermissionRoleID`)
) ENGINE=InnoDB DEFAULT CHARSET=latin1;



# Dump of table LoginAttempt
# ------------------------------------------------------------

DROP TABLE IF EXISTS `LoginAttempt`;

CREATE TABLE `LoginAttempt` (
  `ID` int(11) NOT NULL AUTO_INCREMENT,
  `ClassName` enum('LoginAttempt') CHARACTER SET utf8 DEFAULT 'LoginAttempt',
  `Created` datetime DEFAULT NULL,
  `LastEdited` datetime DEFAULT NULL,
  `Email` varchar(255) CHARACTER SET utf8 DEFAULT NULL,
  `Status` enum('Success','Failure') CHARACTER SET utf8 DEFAULT 'Success',
  `IP` varchar(255) CHARACTER SET utf8 DEFAULT NULL,
  `MemberID` int(11) NOT NULL DEFAULT '0',
  PRIMARY KEY (`ID`),
  KEY `MemberID` (`MemberID`),
  KEY `ClassName` (`ClassName`)
) ENGINE=InnoDB DEFAULT CHARSET=latin1;



# Dump of table Member
# ------------------------------------------------------------

DROP TABLE IF EXISTS `Member`;

CREATE TABLE `Member` (
  `ID` int(11) NOT NULL AUTO_INCREMENT,
  `ClassName` enum('Member') CHARACTER SET utf8 DEFAULT 'Member',
  `Created` datetime DEFAULT NULL,
  `LastEdited` datetime DEFAULT NULL,
  `FirstName` varchar(50) CHARACTER SET utf8 DEFAULT NULL,
  `Surname` varchar(50) CHARACTER SET utf8 DEFAULT NULL,
  `Email` varchar(256) CHARACTER SET utf8 DEFAULT NULL,
  `Password` varchar(160) CHARACTER SET utf8 DEFAULT NULL,
  `RememberLoginToken` varchar(160) CHARACTER SET utf8 DEFAULT NULL,
  `NumVisit` int(11) NOT NULL DEFAULT '0',
  `LastVisited` datetime DEFAULT NULL,
  `Bounced` tinyint(1) unsigned NOT NULL DEFAULT '0',
  `AutoLoginHash` varchar(160) CHARACTER SET utf8 DEFAULT NULL,
  `AutoLoginExpired` datetime DEFAULT NULL,
  `PasswordEncryption` varchar(50) CHARACTER SET utf8 DEFAULT NULL,
  `Salt` varchar(50) CHARACTER SET utf8 DEFAULT NULL,
  `PasswordExpiry` date DEFAULT NULL,
  `LockedOutUntil` datetime DEFAULT NULL,
  `Locale` varchar(6) CHARACTER SET utf8 DEFAULT NULL,
  `FailedLoginCount` int(11) NOT NULL DEFAULT '0',
  `DateFormat` varchar(30) CHARACTER SET utf8 DEFAULT NULL,
  `TimeFormat` varchar(30) CHARACTER SET utf8 DEFAULT NULL,
  `HasConfiguredDashboard` tinyint(1) unsigned NOT NULL DEFAULT '0',
  PRIMARY KEY (`ID`),
  KEY `Email` (`Email`(255)),
  KEY `ClassName` (`ClassName`)
) ENGINE=InnoDB DEFAULT CHARSET=latin1;

LOCK TABLES `Member` WRITE;
/*!40000 ALTER TABLE `Member` DISABLE KEYS */;

INSERT INTO `Member` (`ID`, `ClassName`, `Created`, `LastEdited`, `FirstName`, `Surname`, `Email`, `Password`, `RememberLoginToken`, `NumVisit`, `LastVisited`, `Bounced`, `AutoLoginHash`, `AutoLoginExpired`, `PasswordEncryption`, `Salt`, `PasswordExpiry`, `LockedOutUntil`, `Locale`, `FailedLoginCount`, `DateFormat`, `TimeFormat`, `HasConfiguredDashboard`)
VALUES
	(1,'Member','2013-03-12 13:40:37','2013-09-04 12:16:20','Default Admin',NULL,'defaultadmin','$2y$10$f29afea290a48e6649973uv22CBJdq6yFmVZD0X58egSzhkbZdvX6',NULL,36,'2013-09-04 12:16:31',0,NULL,NULL,'blowfish','10$f29afea290a48e66499730',NULL,NULL,'en_GB',0,'d MMM y','HH:mm:ss',0);

/*!40000 ALTER TABLE `Member` ENABLE KEYS */;
UNLOCK TABLES;


# Dump of table MemberPassword
# ------------------------------------------------------------

DROP TABLE IF EXISTS `MemberPassword`;

CREATE TABLE `MemberPassword` (
  `ID` int(11) NOT NULL AUTO_INCREMENT,
  `ClassName` enum('MemberPassword') CHARACTER SET utf8 DEFAULT 'MemberPassword',
  `Created` datetime DEFAULT NULL,
  `LastEdited` datetime DEFAULT NULL,
  `Password` varchar(160) CHARACTER SET utf8 DEFAULT NULL,
  `Salt` varchar(50) CHARACTER SET utf8 DEFAULT NULL,
  `PasswordEncryption` varchar(50) CHARACTER SET utf8 DEFAULT NULL,
  `MemberID` int(11) NOT NULL DEFAULT '0',
  PRIMARY KEY (`ID`),
  KEY `MemberID` (`MemberID`),
  KEY `ClassName` (`ClassName`)
) ENGINE=InnoDB DEFAULT CHARSET=latin1;

LOCK TABLES `MemberPassword` WRITE;
/*!40000 ALTER TABLE `MemberPassword` DISABLE KEYS */;

INSERT INTO `MemberPassword` (`ID`, `ClassName`, `Created`, `LastEdited`, `Password`, `Salt`, `PasswordEncryption`, `MemberID`)
VALUES
	(1,'MemberPassword','2013-03-12 13:40:38','2013-03-12 13:40:38','$2y$10$f29afea290a48e6649973uKIjROaxNlVLnftuhKh/Omh5Odun7Qyu','10$f29afea290a48e66499730','blowfish',1),
	(2,'MemberPassword','2013-03-22 17:59:23','2013-03-22 17:59:23','$2y$10$5042ff53cc23bf00c770au0UvCGI00C4oDXdwJkaDum4IoDoSBEaW','10$5042ff53cc23bf00c770a6','blowfish',2),
	(3,'MemberPassword','2013-03-24 13:51:04','2013-03-24 13:51:04','$2y$10$320327c8eba41bbda84feOUd8CLdG.aYgXXdLGgl3zUyUqewK4faC','10$320327c8eba41bbda84feb','blowfish',3),
	(4,'MemberPassword','2013-03-25 12:20:02','2013-03-25 12:20:02','$2y$10$f29afea290a48e6649973uv22CBJdq6yFmVZD0X58egSzhkbZdvX6','10$f29afea290a48e66499730','blowfish',1),
	(5,'MemberPassword','2013-03-28 10:44:17','2013-03-28 10:44:17','$2y$10$390864d346b2bf813fb33uA4.AyB0eFaH3M.XRRusmoXHzd58Xc9u','10$390864d346b2bf813fb337','blowfish',2);

/*!40000 ALTER TABLE `MemberPassword` ENABLE KEYS */;
UNLOCK TABLES;


# Dump of table Page
# ------------------------------------------------------------

DROP TABLE IF EXISTS `Page`;

CREATE TABLE `Page` (
  `ID` int(11) NOT NULL AUTO_INCREMENT,
  `OGTitle` varchar(255) CHARACTER SET utf8 DEFAULT NULL,
  `OGDescription` varchar(1024) CHARACTER SET utf8 DEFAULT NULL,
  `OGImageID` int(11) NOT NULL DEFAULT '0',
  PRIMARY KEY (`ID`),
  KEY `OGImageID` (`OGImageID`)
) ENGINE=InnoDB DEFAULT CHARSET=latin1;

LOCK TABLES `Page` WRITE;
/*!40000 ALTER TABLE `Page` DISABLE KEYS */;

INSERT INTO `Page` (`ID`, `OGTitle`, `OGDescription`, `OGImageID`)
VALUES
	(13,NULL,NULL,0),
	(17,NULL,NULL,0),
	(18,NULL,NULL,0);

/*!40000 ALTER TABLE `Page` ENABLE KEYS */;
UNLOCK TABLES;


# Dump of table Page_Live
# ------------------------------------------------------------

DROP TABLE IF EXISTS `Page_Live`;

CREATE TABLE `Page_Live` (
  `ID` int(11) NOT NULL AUTO_INCREMENT,
  `OGTitle` varchar(255) CHARACTER SET utf8 DEFAULT NULL,
  `OGDescription` varchar(1024) CHARACTER SET utf8 DEFAULT NULL,
  `OGImageID` int(11) NOT NULL DEFAULT '0',
  PRIMARY KEY (`ID`),
  KEY `OGImageID` (`OGImageID`)
) ENGINE=InnoDB DEFAULT CHARSET=latin1;

LOCK TABLES `Page_Live` WRITE;
/*!40000 ALTER TABLE `Page_Live` DISABLE KEYS */;

INSERT INTO `Page_Live` (`ID`, `OGTitle`, `OGDescription`, `OGImageID`)
VALUES
	(13,NULL,NULL,0),
	(17,NULL,NULL,0);

/*!40000 ALTER TABLE `Page_Live` ENABLE KEYS */;
UNLOCK TABLES;


# Dump of table Page_versions
# ------------------------------------------------------------

DROP TABLE IF EXISTS `Page_versions`;

CREATE TABLE `Page_versions` (
  `ID` int(11) NOT NULL AUTO_INCREMENT,
  `RecordID` int(11) NOT NULL DEFAULT '0',
  `Version` int(11) NOT NULL DEFAULT '0',
  `OGTitle` varchar(255) CHARACTER SET utf8 DEFAULT NULL,
  `OGDescription` varchar(1024) CHARACTER SET utf8 DEFAULT NULL,
  `OGImageID` int(11) NOT NULL DEFAULT '0',
  PRIMARY KEY (`ID`),
  UNIQUE KEY `RecordID_Version` (`RecordID`,`Version`),
  KEY `RecordID` (`RecordID`),
  KEY `Version` (`Version`),
  KEY `OGImageID` (`OGImageID`)
) ENGINE=InnoDB DEFAULT CHARSET=latin1;

LOCK TABLES `Page_versions` WRITE;
/*!40000 ALTER TABLE `Page_versions` DISABLE KEYS */;

INSERT INTO `Page_versions` (`ID`, `RecordID`, `Version`, `OGTitle`, `OGDescription`, `OGImageID`)
VALUES
	(1,17,9,NULL,NULL,0),
	(2,17,10,NULL,NULL,0),
	(3,17,11,NULL,NULL,0),
	(4,17,12,NULL,NULL,0),
	(5,17,13,NULL,NULL,0),
	(6,17,14,NULL,NULL,0),
	(7,17,15,NULL,NULL,0),
	(8,17,16,NULL,NULL,0),
	(9,17,17,NULL,NULL,0);

/*!40000 ALTER TABLE `Page_versions` ENABLE KEYS */;
UNLOCK TABLES;


# Dump of table Permission
# ------------------------------------------------------------

DROP TABLE IF EXISTS `Permission`;

CREATE TABLE `Permission` (
  `ID` int(11) NOT NULL AUTO_INCREMENT,
  `ClassName` enum('Permission') CHARACTER SET utf8 DEFAULT 'Permission',
  `Created` datetime DEFAULT NULL,
  `LastEdited` datetime DEFAULT NULL,
  `Code` varchar(50) CHARACTER SET utf8 DEFAULT NULL,
  `Arg` int(11) NOT NULL DEFAULT '0',
  `Type` int(11) NOT NULL DEFAULT '1',
  `GroupID` int(11) NOT NULL DEFAULT '0',
  PRIMARY KEY (`ID`),
  KEY `GroupID` (`GroupID`),
  KEY `Code` (`Code`),
  KEY `ClassName` (`ClassName`)
) ENGINE=InnoDB DEFAULT CHARSET=latin1;

LOCK TABLES `Permission` WRITE;
/*!40000 ALTER TABLE `Permission` DISABLE KEYS */;

INSERT INTO `Permission` (`ID`, `ClassName`, `Created`, `LastEdited`, `Code`, `Arg`, `Type`, `GroupID`)
VALUES
	(1,'Permission','2013-03-12 13:40:37','2013-03-12 13:40:37','CMS_ACCESS_CMSMain',0,1,1),
	(2,'Permission','2013-03-12 13:40:37','2013-03-12 13:40:37','CMS_ACCESS_AssetAdmin',0,1,1),
	(3,'Permission','2013-03-12 13:40:37','2013-03-12 13:40:37','CMS_ACCESS_ReportAdmin',0,1,1),
	(4,'Permission','2013-03-12 13:40:37','2013-03-12 13:40:37','SITETREE_REORGANISE',0,1,1),
	(5,'Permission','2013-03-12 13:40:37','2013-03-12 13:40:37','ADMIN',0,1,2),
	(11,'Permission','2013-03-28 16:51:29','2013-03-28 16:51:29','CMS_ACCESS_CMSMain',0,1,3),
	(12,'Permission','2013-03-28 16:51:29','2013-03-28 16:51:29','CMS_ACCESS_AssetAdmin',0,1,3);

/*!40000 ALTER TABLE `Permission` ENABLE KEYS */;
UNLOCK TABLES;


# Dump of table PermissionRole
# ------------------------------------------------------------

DROP TABLE IF EXISTS `PermissionRole`;

CREATE TABLE `PermissionRole` (
  `ID` int(11) NOT NULL AUTO_INCREMENT,
  `ClassName` enum('PermissionRole') CHARACTER SET utf8 DEFAULT 'PermissionRole',
  `Created` datetime DEFAULT NULL,
  `LastEdited` datetime DEFAULT NULL,
  `Title` varchar(50) CHARACTER SET utf8 DEFAULT NULL,
  `OnlyAdminCanApply` tinyint(1) unsigned NOT NULL DEFAULT '0',
  PRIMARY KEY (`ID`),
  KEY `ClassName` (`ClassName`)
) ENGINE=InnoDB DEFAULT CHARSET=latin1;



# Dump of table PermissionRoleCode
# ------------------------------------------------------------

DROP TABLE IF EXISTS `PermissionRoleCode`;

CREATE TABLE `PermissionRoleCode` (
  `ID` int(11) NOT NULL AUTO_INCREMENT,
  `ClassName` enum('PermissionRoleCode') CHARACTER SET utf8 DEFAULT 'PermissionRoleCode',
  `Created` datetime DEFAULT NULL,
  `LastEdited` datetime DEFAULT NULL,
  `Code` varchar(50) CHARACTER SET utf8 DEFAULT NULL,
  `RoleID` int(11) NOT NULL DEFAULT '0',
  PRIMARY KEY (`ID`),
  KEY `RoleID` (`RoleID`),
  KEY `ClassName` (`ClassName`)
) ENGINE=InnoDB DEFAULT CHARSET=latin1;



# Dump of table RedirectorPage
# ------------------------------------------------------------

DROP TABLE IF EXISTS `RedirectorPage`;

CREATE TABLE `RedirectorPage` (
  `ID` int(11) NOT NULL AUTO_INCREMENT,
  `RedirectionType` enum('Internal','External') CHARACTER SET utf8 DEFAULT 'Internal',
  `ExternalURL` varchar(2083) CHARACTER SET utf8 DEFAULT NULL,
  `LinkToID` int(11) NOT NULL DEFAULT '0',
  PRIMARY KEY (`ID`),
  KEY `LinkToID` (`LinkToID`)
) ENGINE=InnoDB DEFAULT CHARSET=latin1;



# Dump of table RedirectorPage_Live
# ------------------------------------------------------------

DROP TABLE IF EXISTS `RedirectorPage_Live`;

CREATE TABLE `RedirectorPage_Live` (
  `ID` int(11) NOT NULL AUTO_INCREMENT,
  `RedirectionType` enum('Internal','External') CHARACTER SET utf8 DEFAULT 'Internal',
  `ExternalURL` varchar(2083) CHARACTER SET utf8 DEFAULT NULL,
  `LinkToID` int(11) NOT NULL DEFAULT '0',
  PRIMARY KEY (`ID`),
  KEY `LinkToID` (`LinkToID`)
) ENGINE=InnoDB DEFAULT CHARSET=latin1;



# Dump of table RedirectorPage_versions
# ------------------------------------------------------------

DROP TABLE IF EXISTS `RedirectorPage_versions`;

CREATE TABLE `RedirectorPage_versions` (
  `ID` int(11) NOT NULL AUTO_INCREMENT,
  `RecordID` int(11) NOT NULL DEFAULT '0',
  `Version` int(11) NOT NULL DEFAULT '0',
  `RedirectionType` enum('Internal','External') CHARACTER SET utf8 DEFAULT 'Internal',
  `ExternalURL` varchar(2083) CHARACTER SET utf8 DEFAULT NULL,
  `LinkToID` int(11) NOT NULL DEFAULT '0',
  PRIMARY KEY (`ID`),
  UNIQUE KEY `RecordID_Version` (`RecordID`,`Version`),
  KEY `RecordID` (`RecordID`),
  KEY `Version` (`Version`),
  KEY `LinkToID` (`LinkToID`)
) ENGINE=InnoDB DEFAULT CHARSET=latin1;



# Dump of table ReportsData
# ------------------------------------------------------------

DROP TABLE IF EXISTS `ReportsData`;

CREATE TABLE `ReportsData` (
  `ID` int(11) NOT NULL AUTO_INCREMENT,
  `ClassName` enum('ReportsData') CHARACTER SET utf8 DEFAULT 'ReportsData',
  `Created` datetime DEFAULT NULL,
  `LastEdited` datetime DEFAULT NULL,
  `Name` varchar(255) CHARACTER SET utf8 DEFAULT NULL,
  `Sql` mediumtext CHARACTER SET utf8,
  `ReportsPageID` int(11) NOT NULL DEFAULT '0',
  PRIMARY KEY (`ID`),
  KEY `ReportsPageID` (`ReportsPageID`),
  KEY `ClassName` (`ClassName`)
) ENGINE=InnoDB DEFAULT CHARSET=latin1;



# Dump of table ReportsPage
# ------------------------------------------------------------

DROP TABLE IF EXISTS `ReportsPage`;

CREATE TABLE `ReportsPage` (
  `ID` int(11) NOT NULL AUTO_INCREMENT,
  `HtmlContent` mediumtext CHARACTER SET utf8,
  PRIMARY KEY (`ID`)
) ENGINE=InnoDB DEFAULT CHARSET=latin1;

LOCK TABLES `ReportsPage` WRITE;
/*!40000 ALTER TABLE `ReportsPage` DISABLE KEYS */;

INSERT INTO `ReportsPage` (`ID`, `HtmlContent`)
VALUES
	(17,'<!doctype html>\r\n<html lang=\"en\">\r\n\r\n<head>\r\n	<base href=\"$Host\"><!--[if lte IE 6]></base><![endif]-->\r\n	<meta charset=\"utf-8\">\r\n	<meta name=\"viewport\" content=\"width=device-width, initial-scale=.7, maximum-scale=.7\">\r\n	<title>Reports</title>\r\n	<script src=\"//cdnjs.cloudflare.com/ajax/libs/modernizr/2.6.2/modernizr.min.js\"></script>\r\n<style>\r\nbody { margin: 0px; padding: 0px; }\r\n\r\n#map_canvas {position:absolute; left:0px; top:0px;}\r\n#map_overlay {position:absolute; left:0px; top:0px;}\r\n\r\ntr.header td {background-color:#bbb;}\r\ntr.datarow.even td {background-color:#ddd;}\r\ntr.datarow.odd td {background-color:#eee;}\r\n</style>\r\n</head>\r\n\r\n<body class=\"home \">\r\n	\r\n	$Layout\r\n	\r\n</body>\r\n</html>\r\n');

/*!40000 ALTER TABLE `ReportsPage` ENABLE KEYS */;
UNLOCK TABLES;


# Dump of table ReportsPage_Live
# ------------------------------------------------------------

DROP TABLE IF EXISTS `ReportsPage_Live`;

CREATE TABLE `ReportsPage_Live` (
  `ID` int(11) NOT NULL AUTO_INCREMENT,
  `HtmlContent` mediumtext CHARACTER SET utf8,
  PRIMARY KEY (`ID`)
) ENGINE=InnoDB DEFAULT CHARSET=latin1;

LOCK TABLES `ReportsPage_Live` WRITE;
/*!40000 ALTER TABLE `ReportsPage_Live` DISABLE KEYS */;

INSERT INTO `ReportsPage_Live` (`ID`, `HtmlContent`)
VALUES
	(17,'<!doctype html>\r\n<html lang=\"en\">\r\n\r\n<head>\r\n	<base href=\"$Host\"><!--[if lte IE 6]></base><![endif]-->\r\n	<meta charset=\"utf-8\">\r\n	<meta name=\"viewport\" content=\"width=device-width, initial-scale=.7, maximum-scale=.7\">\r\n	<title>Reports</title>\r\n	<script src=\"//cdnjs.cloudflare.com/ajax/libs/modernizr/2.6.2/modernizr.min.js\"></script>\r\n<style>\r\nbody { margin: 0px; padding: 0px; }\r\n\r\n#map_canvas {position:absolute; left:0px; top:0px;}\r\n#map_overlay {position:absolute; left:0px; top:0px;}\r\n\r\ntr.header td {background-color:#bbb;}\r\ntr.datarow.even td {background-color:#ddd;}\r\ntr.datarow.odd td {background-color:#eee;}\r\n</style>\r\n</head>\r\n\r\n<body class=\"home \">\r\n	\r\n	$Layout\r\n	\r\n</body>\r\n</html>\r\n');

/*!40000 ALTER TABLE `ReportsPage_Live` ENABLE KEYS */;
UNLOCK TABLES;


# Dump of table ReportsPage_versions
# ------------------------------------------------------------

DROP TABLE IF EXISTS `ReportsPage_versions`;

CREATE TABLE `ReportsPage_versions` (
  `ID` int(11) NOT NULL AUTO_INCREMENT,
  `RecordID` int(11) NOT NULL DEFAULT '0',
  `Version` int(11) NOT NULL DEFAULT '0',
  `HtmlContent` mediumtext CHARACTER SET utf8,
  PRIMARY KEY (`ID`),
  UNIQUE KEY `RecordID_Version` (`RecordID`,`Version`),
  KEY `RecordID` (`RecordID`),
  KEY `Version` (`Version`)
) ENGINE=InnoDB DEFAULT CHARSET=latin1;

LOCK TABLES `ReportsPage_versions` WRITE;
/*!40000 ALTER TABLE `ReportsPage_versions` DISABLE KEYS */;

INSERT INTO `ReportsPage_versions` (`ID`, `RecordID`, `Version`, `HtmlContent`)
VALUES
	(17,17,9,'<!doctype html>\r\n<html lang=\"en\">\r\n\r\n<head>\r\n	<base href=\"$Host\"><!--[if lte IE 6]></base><![endif]-->\r\n	<meta charset=\"utf-8\">\r\n	<meta name=\"viewport\" content=\"width=device-width, initial-scale=.7, maximum-scale=.7\">\r\n	<title>Reports</title>\r\n	<script src=\"//cdnjs.cloudflare.com/ajax/libs/modernizr/2.6.2/modernizr.min.js\"></script>\r\n<style>\r\nbody { margin: 0px; padding: 0px; }\r\n\r\n#map_canvas {position:absolute; left:0px; top:0px;}\r\n#map_overlay {position:absolute; left:0px; top:0px;}\r\n\r\ntr.header td {background-color:#bbb;}\r\ntr.datarow.even td {background-color:#ddd;}\r\ntr.datarow.odd td {background-color:#eee;}\r\n</style>\r\n</head>\r\n\r\n<body class=\"home \">\r\n	\r\n	$Layout\r\n	\r\n</body>\r\n</html>\r\n'),
	(18,17,10,'<!doctype html>\r\n<html lang=\"en\">\r\n\r\n<head>\r\n	<base href=\"$Host\"><!--[if lte IE 6]></base><![endif]-->\r\n	<meta charset=\"utf-8\">\r\n	<meta name=\"viewport\" content=\"width=device-width, initial-scale=.7, maximum-scale=.7\">\r\n	<title>Reports</title>\r\n	<script src=\"//cdnjs.cloudflare.com/ajax/libs/modernizr/2.6.2/modernizr.min.js\"></script>\r\n<style>\r\nbody { margin: 0px; padding: 0px; }\r\n\r\n#map_canvas {position:absolute; left:0px; top:0px;}\r\n#map_overlay {position:absolute; left:0px; top:0px;}\r\n\r\ntr.header td {background-color:#bbb;}\r\ntr.datarow.even td {background-color:#ddd;}\r\ntr.datarow.odd td {background-color:#eee;}\r\n</style>\r\n</head>\r\n\r\n<body class=\"home \">\r\n	\r\n	$Layout\r\n	\r\n</body>\r\n</html>\r\n'),
	(19,17,11,'<!doctype html>\r\n<html lang=\"en\">\r\n\r\n<head>\r\n	<base href=\"$Host\"><!--[if lte IE 6]></base><![endif]-->\r\n	<meta charset=\"utf-8\">\r\n	<meta name=\"viewport\" content=\"width=device-width, initial-scale=.7, maximum-scale=.7\">\r\n	<title>Reports</title>\r\n	<script src=\"//cdnjs.cloudflare.com/ajax/libs/modernizr/2.6.2/modernizr.min.js\"></script>\r\n<style>\r\nbody { margin: 0px; padding: 0px; }\r\n\r\n#map_canvas {position:absolute; left:0px; top:0px;}\r\n#map_overlay {position:absolute; left:0px; top:0px;}\r\n\r\ntr.header td {background-color:#bbb;}\r\ntr.datarow.even td {background-color:#ddd;}\r\ntr.datarow.odd td {background-color:#eee;}\r\n</style>\r\n</head>\r\n\r\n<body class=\"home \">\r\n	\r\n	$Layout\r\n	\r\n</body>\r\n</html>\r\n'),
	(20,17,12,'<!doctype html>\r\n<html lang=\"en\">\r\n\r\n<head>\r\n	<base href=\"$Host\"><!--[if lte IE 6]></base><![endif]-->\r\n	<meta charset=\"utf-8\">\r\n	<meta name=\"viewport\" content=\"width=device-width, initial-scale=.7, maximum-scale=.7\">\r\n	<title>Reports</title>\r\n	<script src=\"//cdnjs.cloudflare.com/ajax/libs/modernizr/2.6.2/modernizr.min.js\"></script>\r\n<style>\r\nbody { margin: 0px; padding: 0px; }\r\n\r\n#map_canvas {position:absolute; left:0px; top:0px;}\r\n#map_overlay {position:absolute; left:0px; top:0px;}\r\n\r\ntr.header td {background-color:#bbb;}\r\ntr.datarow.even td {background-color:#ddd;}\r\ntr.datarow.odd td {background-color:#eee;}\r\n</style>\r\n</head>\r\n\r\n<body class=\"home \">\r\n	\r\n	$Layout\r\n	\r\n</body>\r\n</html>\r\n'),
	(21,17,13,'<!doctype html>\r\n<html lang=\"en\">\r\n\r\n<head>\r\n	<base href=\"$Host\"><!--[if lte IE 6]></base><![endif]-->\r\n	<meta charset=\"utf-8\">\r\n	<meta name=\"viewport\" content=\"width=device-width, initial-scale=.7, maximum-scale=.7\">\r\n	<title>Reports</title>\r\n	<script src=\"//cdnjs.cloudflare.com/ajax/libs/modernizr/2.6.2/modernizr.min.js\"></script>\r\n<style>\r\nbody { margin: 0px; padding: 0px; }\r\n\r\n#map_canvas {position:absolute; left:0px; top:0px;}\r\n#map_overlay {position:absolute; left:0px; top:0px;}\r\n\r\ntr.header td {background-color:#bbb;}\r\ntr.datarow.even td {background-color:#ddd;}\r\ntr.datarow.odd td {background-color:#eee;}\r\n</style>\r\n</head>\r\n\r\n<body class=\"home \">\r\n	\r\n	$Layout\r\n	\r\n</body>\r\n</html>\r\n'),
	(22,17,14,'<!doctype html>\r\n<html lang=\"en\">\r\n\r\n<head>\r\n	<base href=\"$Host\"><!--[if lte IE 6]></base><![endif]-->\r\n	<meta charset=\"utf-8\">\r\n	<meta name=\"viewport\" content=\"width=device-width, initial-scale=.7, maximum-scale=.7\">\r\n	<title>Reports</title>\r\n	<script src=\"//cdnjs.cloudflare.com/ajax/libs/modernizr/2.6.2/modernizr.min.js\"></script>\r\n<style>\r\nbody { margin: 0px; padding: 0px; }\r\n\r\n#map_canvas {position:absolute; left:0px; top:0px;}\r\n#map_overlay {position:absolute; left:0px; top:0px;}\r\n\r\ntr.header td {background-color:#bbb;}\r\ntr.datarow.even td {background-color:#ddd;}\r\ntr.datarow.odd td {background-color:#eee;}\r\n</style>\r\n</head>\r\n\r\n<body class=\"home \">\r\n	\r\n	$Layout\r\n	\r\n</body>\r\n</html>\r\n'),
	(23,17,15,'<!doctype html>\r\n<html lang=\"en\">\r\n\r\n<head>\r\n	<base href=\"$Host\"><!--[if lte IE 6]></base><![endif]-->\r\n	<meta charset=\"utf-8\">\r\n	<meta name=\"viewport\" content=\"width=device-width, initial-scale=.7, maximum-scale=.7\">\r\n	<title>Reports</title>\r\n	<script src=\"//cdnjs.cloudflare.com/ajax/libs/modernizr/2.6.2/modernizr.min.js\"></script>\r\n<style>\r\nbody { margin: 0px; padding: 0px; }\r\n\r\n#map_canvas {position:absolute; left:0px; top:0px;}\r\n#map_overlay {position:absolute; left:0px; top:0px;}\r\n\r\ntr.header td {background-color:#bbb;}\r\ntr.datarow.even td {background-color:#ddd;}\r\ntr.datarow.odd td {background-color:#eee;}\r\n</style>\r\n</head>\r\n\r\n<body class=\"home \">\r\n	\r\n	$Layout\r\n	\r\n</body>\r\n</html>\r\n'),
	(24,17,16,'<!doctype html>\r\n<html lang=\"en\">\r\n\r\n<head>\r\n	<base href=\"$Host\"><!--[if lte IE 6]></base><![endif]-->\r\n	<meta charset=\"utf-8\">\r\n	<meta name=\"viewport\" content=\"width=device-width, initial-scale=.7, maximum-scale=.7\">\r\n	<title>Reports</title>\r\n	<script src=\"//cdnjs.cloudflare.com/ajax/libs/modernizr/2.6.2/modernizr.min.js\"></script>\r\n<style>\r\nbody { margin: 0px; padding: 0px; }\r\n\r\n#map_canvas {position:absolute; left:0px; top:0px;}\r\n#map_overlay {position:absolute; left:0px; top:0px;}\r\n\r\ntr.header td {background-color:#bbb;}\r\ntr.datarow.even td {background-color:#ddd;}\r\ntr.datarow.odd td {background-color:#eee;}\r\n</style>\r\n</head>\r\n\r\n<body class=\"home \">\r\n	\r\n	$Layout\r\n	\r\n</body>\r\n</html>\r\n'),
	(25,17,17,'<!doctype html>\r\n<html lang=\"en\">\r\n\r\n<head>\r\n	<base href=\"$Host\"><!--[if lte IE 6]></base><![endif]-->\r\n	<meta charset=\"utf-8\">\r\n	<meta name=\"viewport\" content=\"width=device-width, initial-scale=.7, maximum-scale=.7\">\r\n	<title>Reports</title>\r\n	<script src=\"//cdnjs.cloudflare.com/ajax/libs/modernizr/2.6.2/modernizr.min.js\"></script>\r\n<style>\r\nbody { margin: 0px; padding: 0px; }\r\n\r\n#map_canvas {position:absolute; left:0px; top:0px;}\r\n#map_overlay {position:absolute; left:0px; top:0px;}\r\n\r\ntr.header td {background-color:#bbb;}\r\ntr.datarow.even td {background-color:#ddd;}\r\ntr.datarow.odd td {background-color:#eee;}\r\n</style>\r\n</head>\r\n\r\n<body class=\"home \">\r\n	\r\n	$Layout\r\n	\r\n</body>\r\n</html>\r\n');

/*!40000 ALTER TABLE `ReportsPage_versions` ENABLE KEYS */;
UNLOCK TABLES;


# Dump of table SiteConfig
# ------------------------------------------------------------

DROP TABLE IF EXISTS `SiteConfig`;

CREATE TABLE `SiteConfig` (
  `ID` int(11) NOT NULL AUTO_INCREMENT,
  `ClassName` enum('SiteConfig') CHARACTER SET utf8 DEFAULT 'SiteConfig',
  `Created` datetime DEFAULT NULL,
  `LastEdited` datetime DEFAULT NULL,
  `Title` varchar(255) CHARACTER SET utf8 DEFAULT NULL,
  `Tagline` varchar(255) CHARACTER SET utf8 DEFAULT NULL,
  `Theme` varchar(255) CHARACTER SET utf8 DEFAULT NULL,
  `CanViewType` enum('Anyone','LoggedInUsers','OnlyTheseUsers') CHARACTER SET utf8 DEFAULT 'Anyone',
  `CanEditType` enum('LoggedInUsers','OnlyTheseUsers') CHARACTER SET utf8 DEFAULT 'LoggedInUsers',
  `CanCreateTopLevelType` enum('LoggedInUsers','OnlyTheseUsers') CHARACTER SET utf8 DEFAULT 'LoggedInUsers',
  `OGTitle` varchar(255) CHARACTER SET utf8 DEFAULT NULL,
  `OGDescription` varchar(1024) CHARACTER SET utf8 DEFAULT NULL,
  `OGImageID` int(11) NOT NULL DEFAULT '0',
  `GoogleSiteVerificationCode` varchar(128) CHARACTER SET utf8 DEFAULT NULL,
  `GoogleAnalyticsCode` varchar(20) CHARACTER SET utf8 DEFAULT NULL,
  PRIMARY KEY (`ID`),
  KEY `ClassName` (`ClassName`),
  KEY `OGImageID` (`OGImageID`)
) ENGINE=InnoDB DEFAULT CHARSET=latin1;

LOCK TABLES `SiteConfig` WRITE;
/*!40000 ALTER TABLE `SiteConfig` DISABLE KEYS */;

INSERT INTO `SiteConfig` (`ID`, `ClassName`, `Created`, `LastEdited`, `Title`, `Tagline`, `Theme`, `CanViewType`, `CanEditType`, `CanCreateTopLevelType`, `OGTitle`, `OGDescription`, `OGImageID`, `GoogleSiteVerificationCode`, `GoogleAnalyticsCode`)
VALUES
	(1,'SiteConfig','2013-03-12 13:40:37','2013-09-04 12:16:31','Default Site','your tagline here','default','LoggedInUsers','LoggedInUsers','LoggedInUsers',NULL,NULL,0,NULL,NULL);

/*!40000 ALTER TABLE `SiteConfig` ENABLE KEYS */;
UNLOCK TABLES;


# Dump of table SiteConfig_CreateTopLevelGroups
# ------------------------------------------------------------

DROP TABLE IF EXISTS `SiteConfig_CreateTopLevelGroups`;

CREATE TABLE `SiteConfig_CreateTopLevelGroups` (
  `ID` int(11) NOT NULL AUTO_INCREMENT,
  `SiteConfigID` int(11) NOT NULL DEFAULT '0',
  `GroupID` int(11) NOT NULL DEFAULT '0',
  PRIMARY KEY (`ID`),
  KEY `SiteConfigID` (`SiteConfigID`),
  KEY `GroupID` (`GroupID`)
) ENGINE=InnoDB DEFAULT CHARSET=latin1;



# Dump of table SiteConfig_EditorGroups
# ------------------------------------------------------------

DROP TABLE IF EXISTS `SiteConfig_EditorGroups`;

CREATE TABLE `SiteConfig_EditorGroups` (
  `ID` int(11) NOT NULL AUTO_INCREMENT,
  `SiteConfigID` int(11) NOT NULL DEFAULT '0',
  `GroupID` int(11) NOT NULL DEFAULT '0',
  PRIMARY KEY (`ID`),
  KEY `SiteConfigID` (`SiteConfigID`),
  KEY `GroupID` (`GroupID`)
) ENGINE=InnoDB DEFAULT CHARSET=latin1;



# Dump of table SiteConfig_ViewerGroups
# ------------------------------------------------------------

DROP TABLE IF EXISTS `SiteConfig_ViewerGroups`;

CREATE TABLE `SiteConfig_ViewerGroups` (
  `ID` int(11) NOT NULL AUTO_INCREMENT,
  `SiteConfigID` int(11) NOT NULL DEFAULT '0',
  `GroupID` int(11) NOT NULL DEFAULT '0',
  PRIMARY KEY (`ID`),
  KEY `SiteConfigID` (`SiteConfigID`),
  KEY `GroupID` (`GroupID`)
) ENGINE=InnoDB DEFAULT CHARSET=latin1;



# Dump of table SiteTree
# ------------------------------------------------------------

DROP TABLE IF EXISTS `SiteTree`;

CREATE TABLE `SiteTree` (
  `ID` int(11) NOT NULL AUTO_INCREMENT,
  `ClassName` enum('ErrorPage','HomePage','ReportsPage','SiteTree','Page','RedirectorPage','VirtualPage','FacebookPage') CHARACTER SET utf8 DEFAULT 'ErrorPage',
  `Created` datetime DEFAULT NULL,
  `LastEdited` datetime DEFAULT NULL,
  `URLSegment` varchar(255) CHARACTER SET utf8 DEFAULT NULL,
  `Title` varchar(255) CHARACTER SET utf8 DEFAULT NULL,
  `MenuTitle` varchar(100) CHARACTER SET utf8 DEFAULT NULL,
  `Content` mediumtext CHARACTER SET utf8,
  `MetaTitle` varchar(255) CHARACTER SET utf8 DEFAULT NULL,
  `MetaDescription` mediumtext CHARACTER SET utf8,
  `MetaKeywords` varchar(1024) CHARACTER SET utf8 DEFAULT NULL,
  `ExtraMeta` mediumtext CHARACTER SET utf8,
  `ShowInMenus` tinyint(1) unsigned NOT NULL DEFAULT '0',
  `ShowInSearch` tinyint(1) unsigned NOT NULL DEFAULT '0',
  `Sort` int(11) NOT NULL DEFAULT '0',
  `HasBrokenFile` tinyint(1) unsigned NOT NULL DEFAULT '0',
  `HasBrokenLink` tinyint(1) unsigned NOT NULL DEFAULT '0',
  `ReportClass` varchar(50) CHARACTER SET utf8 DEFAULT NULL,
  `CanViewType` enum('Anyone','LoggedInUsers','OnlyTheseUsers','Inherit') CHARACTER SET utf8 DEFAULT 'Inherit',
  `CanEditType` enum('LoggedInUsers','OnlyTheseUsers','Inherit') CHARACTER SET utf8 DEFAULT 'Inherit',
  `Version` int(11) NOT NULL DEFAULT '0',
  `ParentID` int(11) NOT NULL DEFAULT '0',
  `Priority` varchar(5) CHARACTER SET utf8 DEFAULT NULL,
  PRIMARY KEY (`ID`),
  KEY `ParentID` (`ParentID`),
  KEY `URLSegment` (`URLSegment`),
  KEY `ClassName` (`ClassName`)
) ENGINE=InnoDB DEFAULT CHARSET=latin1;

LOCK TABLES `SiteTree` WRITE;
/*!40000 ALTER TABLE `SiteTree` DISABLE KEYS */;

INSERT INTO `SiteTree` (`ID`, `ClassName`, `Created`, `LastEdited`, `URLSegment`, `Title`, `MenuTitle`, `Content`, `MetaTitle`, `MetaDescription`, `MetaKeywords`, `ExtraMeta`, `ShowInMenus`, `ShowInSearch`, `Sort`, `HasBrokenFile`, `HasBrokenLink`, `ReportClass`, `CanViewType`, `CanEditType`, `Version`, `ParentID`, `Priority`)
VALUES
	(4,'ErrorPage','2013-03-12 13:40:37','2013-08-20 21:46:58','page-not-found','Page not found',NULL,'<p>Sorry, it seems you were trying to access a page that doesn\'t exist.</p><p>Please check the spelling of the URL you were trying to access and try again.</p>',NULL,NULL,NULL,NULL,0,0,8,0,0,NULL,'','',2,0,NULL),
	(5,'ErrorPage','2013-03-12 13:40:37','2013-08-20 21:46:58','server-error','Server error',NULL,'<p>Sorry, there was a problem handling your request.</p>',NULL,NULL,NULL,NULL,0,0,7,0,0,NULL,'','',2,0,NULL),
	(13,'HomePage','2013-03-12 14:19:27','2013-08-27 15:45:41','home','Home',NULL,NULL,NULL,NULL,NULL,NULL,1,1,1,0,0,NULL,'','',11,0,NULL),
	(17,'ReportsPage','2013-03-12 14:49:04','2013-08-27 16:00:10','reports','Reports',NULL,NULL,NULL,NULL,NULL,NULL,0,0,6,0,0,NULL,'','',17,0,NULL);

/*!40000 ALTER TABLE `SiteTree` ENABLE KEYS */;
UNLOCK TABLES;


# Dump of table SiteTree_EditorGroups
# ------------------------------------------------------------

DROP TABLE IF EXISTS `SiteTree_EditorGroups`;

CREATE TABLE `SiteTree_EditorGroups` (
  `ID` int(11) NOT NULL AUTO_INCREMENT,
  `SiteTreeID` int(11) NOT NULL DEFAULT '0',
  `GroupID` int(11) NOT NULL DEFAULT '0',
  PRIMARY KEY (`ID`),
  KEY `SiteTreeID` (`SiteTreeID`),
  KEY `GroupID` (`GroupID`)
) ENGINE=InnoDB DEFAULT CHARSET=latin1;

LOCK TABLES `SiteTree_EditorGroups` WRITE;
/*!40000 ALTER TABLE `SiteTree_EditorGroups` DISABLE KEYS */;

INSERT INTO `SiteTree_EditorGroups` (`ID`, `SiteTreeID`, `GroupID`)
VALUES
	(1,17,2),
	(2,17,3);

/*!40000 ALTER TABLE `SiteTree_EditorGroups` ENABLE KEYS */;
UNLOCK TABLES;


# Dump of table SiteTree_ImageTracking
# ------------------------------------------------------------

DROP TABLE IF EXISTS `SiteTree_ImageTracking`;

CREATE TABLE `SiteTree_ImageTracking` (
  `ID` int(11) NOT NULL AUTO_INCREMENT,
  `SiteTreeID` int(11) NOT NULL DEFAULT '0',
  `FileID` int(11) NOT NULL DEFAULT '0',
  `FieldName` varchar(50) CHARACTER SET utf8 DEFAULT NULL,
  PRIMARY KEY (`ID`),
  KEY `SiteTreeID` (`SiteTreeID`),
  KEY `FileID` (`FileID`)
) ENGINE=InnoDB DEFAULT CHARSET=latin1;



# Dump of table SiteTree_LinkTracking
# ------------------------------------------------------------

DROP TABLE IF EXISTS `SiteTree_LinkTracking`;

CREATE TABLE `SiteTree_LinkTracking` (
  `ID` int(11) NOT NULL AUTO_INCREMENT,
  `SiteTreeID` int(11) NOT NULL DEFAULT '0',
  `ChildID` int(11) NOT NULL DEFAULT '0',
  `FieldName` varchar(50) CHARACTER SET utf8 DEFAULT NULL,
  PRIMARY KEY (`ID`),
  KEY `SiteTreeID` (`SiteTreeID`),
  KEY `ChildID` (`ChildID`)
) ENGINE=InnoDB DEFAULT CHARSET=latin1;



# Dump of table SiteTree_Live
# ------------------------------------------------------------

DROP TABLE IF EXISTS `SiteTree_Live`;

CREATE TABLE `SiteTree_Live` (
  `ID` int(11) NOT NULL AUTO_INCREMENT,
  `ClassName` enum('ErrorPage','HomePage','ReportsPage','SiteTree','Page','RedirectorPage','VirtualPage','FacebookPage') CHARACTER SET utf8 DEFAULT 'ErrorPage',
  `Created` datetime DEFAULT NULL,
  `LastEdited` datetime DEFAULT NULL,
  `URLSegment` varchar(255) CHARACTER SET utf8 DEFAULT NULL,
  `Title` varchar(255) CHARACTER SET utf8 DEFAULT NULL,
  `MenuTitle` varchar(100) CHARACTER SET utf8 DEFAULT NULL,
  `Content` mediumtext CHARACTER SET utf8,
  `MetaTitle` varchar(255) CHARACTER SET utf8 DEFAULT NULL,
  `MetaDescription` mediumtext CHARACTER SET utf8,
  `MetaKeywords` varchar(1024) CHARACTER SET utf8 DEFAULT NULL,
  `ExtraMeta` mediumtext CHARACTER SET utf8,
  `ShowInMenus` tinyint(1) unsigned NOT NULL DEFAULT '0',
  `ShowInSearch` tinyint(1) unsigned NOT NULL DEFAULT '0',
  `Sort` int(11) NOT NULL DEFAULT '0',
  `HasBrokenFile` tinyint(1) unsigned NOT NULL DEFAULT '0',
  `HasBrokenLink` tinyint(1) unsigned NOT NULL DEFAULT '0',
  `ReportClass` varchar(50) CHARACTER SET utf8 DEFAULT NULL,
  `CanViewType` enum('Anyone','LoggedInUsers','OnlyTheseUsers','Inherit') CHARACTER SET utf8 DEFAULT 'Inherit',
  `CanEditType` enum('LoggedInUsers','OnlyTheseUsers','Inherit') CHARACTER SET utf8 DEFAULT 'Inherit',
  `Version` int(11) NOT NULL DEFAULT '0',
  `ParentID` int(11) NOT NULL DEFAULT '0',
  `Priority` varchar(5) CHARACTER SET utf8 DEFAULT NULL,
  PRIMARY KEY (`ID`),
  KEY `ParentID` (`ParentID`),
  KEY `URLSegment` (`URLSegment`),
  KEY `ClassName` (`ClassName`)
) ENGINE=InnoDB DEFAULT CHARSET=latin1;

LOCK TABLES `SiteTree_Live` WRITE;
/*!40000 ALTER TABLE `SiteTree_Live` DISABLE KEYS */;

INSERT INTO `SiteTree_Live` (`ID`, `ClassName`, `Created`, `LastEdited`, `URLSegment`, `Title`, `MenuTitle`, `Content`, `MetaTitle`, `MetaDescription`, `MetaKeywords`, `ExtraMeta`, `ShowInMenus`, `ShowInSearch`, `Sort`, `HasBrokenFile`, `HasBrokenLink`, `ReportClass`, `CanViewType`, `CanEditType`, `Version`, `ParentID`, `Priority`)
VALUES
	(4,'ErrorPage','2013-03-12 13:40:37','2013-03-12 13:40:46','page-not-found','Page not found',NULL,'<p>Sorry, it seems you were trying to access a page that doesn\'t exist.</p><p>Please check the spelling of the URL you were trying to access and try again.</p>',NULL,NULL,NULL,NULL,0,0,8,0,0,NULL,'','',1,0,NULL),
	(5,'ErrorPage','2013-03-12 13:40:37','2013-03-12 13:40:37','server-error','Server error',NULL,'<p>Sorry, there was a problem handling your request.</p>',NULL,NULL,NULL,NULL,0,0,7,0,0,NULL,'','',1,0,NULL),
	(13,'HomePage','2013-03-12 14:19:27','2013-08-27 15:45:41','home','Home',NULL,NULL,NULL,NULL,NULL,NULL,1,1,1,0,0,NULL,NULL,NULL,11,0,NULL),
	(17,'ReportsPage','2013-03-12 14:49:04','2013-08-27 16:00:10','reports','Reports',NULL,NULL,NULL,NULL,NULL,NULL,0,0,6,0,0,NULL,NULL,NULL,17,0,NULL);

/*!40000 ALTER TABLE `SiteTree_Live` ENABLE KEYS */;
UNLOCK TABLES;


# Dump of table SiteTree_versions
# ------------------------------------------------------------

DROP TABLE IF EXISTS `SiteTree_versions`;

CREATE TABLE `SiteTree_versions` (
  `ID` int(11) NOT NULL AUTO_INCREMENT,
  `RecordID` int(11) NOT NULL DEFAULT '0',
  `Version` int(11) NOT NULL DEFAULT '0',
  `WasPublished` tinyint(1) unsigned NOT NULL DEFAULT '0',
  `AuthorID` int(11) NOT NULL DEFAULT '0',
  `PublisherID` int(11) NOT NULL DEFAULT '0',
  `ClassName` enum('ErrorPage','HomePage','ReportsPage','SiteTree','Page','RedirectorPage','VirtualPage','FacebookPage') CHARACTER SET utf8 DEFAULT 'ErrorPage',
  `Created` datetime DEFAULT NULL,
  `LastEdited` datetime DEFAULT NULL,
  `URLSegment` varchar(255) CHARACTER SET utf8 DEFAULT NULL,
  `Title` varchar(255) CHARACTER SET utf8 DEFAULT NULL,
  `MenuTitle` varchar(100) CHARACTER SET utf8 DEFAULT NULL,
  `Content` mediumtext CHARACTER SET utf8,
  `MetaTitle` varchar(255) CHARACTER SET utf8 DEFAULT NULL,
  `MetaDescription` mediumtext CHARACTER SET utf8,
  `MetaKeywords` varchar(1024) CHARACTER SET utf8 DEFAULT NULL,
  `ExtraMeta` mediumtext CHARACTER SET utf8,
  `ShowInMenus` tinyint(1) unsigned NOT NULL DEFAULT '0',
  `ShowInSearch` tinyint(1) unsigned NOT NULL DEFAULT '0',
  `Sort` int(11) NOT NULL DEFAULT '0',
  `HasBrokenFile` tinyint(1) unsigned NOT NULL DEFAULT '0',
  `HasBrokenLink` tinyint(1) unsigned NOT NULL DEFAULT '0',
  `ReportClass` varchar(50) CHARACTER SET utf8 DEFAULT NULL,
  `CanViewType` enum('Anyone','LoggedInUsers','OnlyTheseUsers','Inherit') CHARACTER SET utf8 DEFAULT 'Inherit',
  `CanEditType` enum('LoggedInUsers','OnlyTheseUsers','Inherit') CHARACTER SET utf8 DEFAULT 'Inherit',
  `ParentID` int(11) NOT NULL DEFAULT '0',
  `Priority` varchar(5) CHARACTER SET utf8 DEFAULT NULL,
  PRIMARY KEY (`ID`),
  KEY `RecordID_Version` (`RecordID`,`Version`),
  KEY `RecordID` (`RecordID`),
  KEY `Version` (`Version`),
  KEY `AuthorID` (`AuthorID`),
  KEY `PublisherID` (`PublisherID`),
  KEY `ParentID` (`ParentID`),
  KEY `URLSegment` (`URLSegment`),
  KEY `ClassName` (`ClassName`)
) ENGINE=InnoDB DEFAULT CHARSET=latin1;

LOCK TABLES `SiteTree_versions` WRITE;
/*!40000 ALTER TABLE `SiteTree_versions` DISABLE KEYS */;

INSERT INTO `SiteTree_versions` (`ID`, `RecordID`, `Version`, `WasPublished`, `AuthorID`, `PublisherID`, `ClassName`, `Created`, `LastEdited`, `URLSegment`, `Title`, `MenuTitle`, `Content`, `MetaTitle`, `MetaDescription`, `MetaKeywords`, `ExtraMeta`, `ShowInMenus`, `ShowInSearch`, `Sort`, `HasBrokenFile`, `HasBrokenLink`, `ReportClass`, `CanViewType`, `CanEditType`, `ParentID`, `Priority`)
VALUES
	(1,1,1,1,0,0,'Page','2013-03-12 13:40:37','2013-03-12 13:40:37','home','Home',NULL,'<p>Welcome to SilverStripe! This is the default home page. You can edit this page by opening <a href=\"admin/\">the CMS</a>. You can now access the <a href=\"http://doc.silverstripe.org\">developer documentation</a>, or begin <a href=\"http://doc.silverstripe.org/doku.php?id=tutorials\">the tutorials.</a></p>',NULL,NULL,NULL,NULL,1,1,1,0,0,NULL,'','',0,NULL),
	(2,2,1,1,0,0,'Page','2013-03-12 13:40:37','2013-03-12 13:40:37','about-us','About Us',NULL,'<p>You can fill this page out with your own content, or delete it and create your own pages.<br></p>',NULL,NULL,NULL,NULL,1,1,2,0,0,NULL,'','',0,NULL),
	(3,3,1,1,0,0,'Page','2013-03-12 13:40:37','2013-03-12 13:40:37','contact-us','Contact Us',NULL,'<p>You can fill this page out with your own content, or delete it and create your own pages.<br></p>',NULL,NULL,NULL,NULL,1,1,3,0,0,NULL,'','',0,NULL),
	(4,4,1,1,0,0,'ErrorPage','2013-03-12 13:40:37','2013-03-12 13:40:37','page-not-found','Page not found',NULL,'<p>Sorry, it seems you were trying to access a page that doesn\'t exist.</p><p>Please check the spelling of the URL you were trying to access and try again.</p>',NULL,NULL,NULL,NULL,0,0,4,0,0,NULL,'','',0,NULL),
	(5,5,1,1,0,0,'ErrorPage','2013-03-12 13:40:37','2013-03-12 13:40:37','server-error','Server error',NULL,'<p>Sorry, there was a problem handling your request.</p>',NULL,NULL,NULL,NULL,0,0,5,0,0,NULL,'','',0,NULL),
	(6,6,1,0,1,0,'ReportsPage','2013-03-12 14:14:26','2013-03-12 14:14:26','new-reports-page','New Reports Page',NULL,NULL,NULL,NULL,NULL,NULL,1,1,6,0,0,NULL,'','',0,NULL),
	(7,7,1,0,1,0,'ReportsPage','2013-03-12 14:14:33','2013-03-12 14:14:33','new-reports-page-2','New Reports Page',NULL,NULL,NULL,NULL,NULL,NULL,1,1,7,0,0,NULL,'','',0,NULL),
	(8,8,1,0,1,0,'ReportsPage','2013-03-12 14:14:50','2013-03-12 14:14:50','new-reports-page-3','New Reports Page',NULL,NULL,NULL,NULL,NULL,NULL,1,1,8,0,0,NULL,'','',0,NULL),
	(9,9,1,0,1,0,'ReportsPage','2013-03-12 14:14:56','2013-03-12 14:14:56','new-reports-page-4','New Reports Page',NULL,NULL,NULL,NULL,NULL,NULL,1,1,9,0,0,NULL,'','',0,NULL),
	(10,10,1,0,1,0,'ReportsPage','2013-03-12 14:15:08','2013-03-12 14:15:08','new-reports-page-5','New Reports Page',NULL,NULL,NULL,NULL,NULL,NULL,1,1,10,0,0,NULL,'','',0,NULL),
	(11,11,1,0,1,0,'ReportsPage','2013-03-12 14:15:19','2013-03-12 14:15:19','new-reports-page-6','New Reports Page',NULL,NULL,NULL,NULL,NULL,NULL,1,1,11,0,0,NULL,'','',0,NULL),
	(12,12,1,0,1,0,'HomePage','2013-03-12 14:18:17','2013-03-12 14:18:17','new-home-page','New Home Page',NULL,NULL,NULL,NULL,NULL,NULL,1,1,12,0,0,NULL,'','',0,NULL),
	(13,13,1,0,1,0,'HomePage','2013-03-12 14:19:27','2013-03-12 14:19:27','new-home-page','New Home Page',NULL,NULL,NULL,NULL,NULL,NULL,1,1,6,0,0,NULL,'','',0,NULL),
	(14,13,2,1,1,1,'HomePage','2013-03-12 14:19:27','2013-03-12 14:21:15','home-page','Home Page',NULL,NULL,NULL,NULL,NULL,NULL,1,1,6,0,0,NULL,'','',0,NULL),
	(15,13,3,0,1,0,'HomePage','2013-03-12 14:19:27','2013-03-12 14:21:21','home-page','Home Page',NULL,NULL,NULL,NULL,NULL,NULL,1,1,1,0,0,NULL,'','',0,NULL),
	(16,13,4,1,1,1,'HomePage','2013-03-12 14:19:27','2013-03-12 14:21:41','home','Home Page',NULL,NULL,NULL,NULL,NULL,NULL,1,1,1,0,0,NULL,'','',0,NULL),
	(17,14,1,0,1,0,'FacebookPage','2013-03-12 14:22:31','2013-03-12 14:22:31','new-facebook-page','New Facebook Page',NULL,NULL,NULL,NULL,NULL,NULL,1,1,5,0,0,NULL,'','',0,NULL),
	(18,15,1,0,1,0,'FacebookPage','2013-03-12 14:23:05','2013-03-12 14:23:05','new-facebook-page-2','New Facebook Page',NULL,NULL,NULL,NULL,NULL,NULL,1,1,6,0,0,NULL,'','',0,NULL),
	(19,16,1,0,1,0,'ReportsPage','2013-03-12 14:25:23','2013-03-12 14:25:23','new-reports-page','New Reports Page',NULL,NULL,NULL,NULL,NULL,NULL,1,1,7,0,0,NULL,'','',0,NULL),
	(20,17,1,1,1,1,'ReportsPage','2013-03-12 14:49:04','2013-03-12 14:49:04','new-reports-page','New Reports Page',NULL,NULL,NULL,NULL,NULL,NULL,1,1,5,0,0,NULL,'','',0,NULL),
	(21,18,1,0,1,0,'Page','2013-03-12 15:09:39','2013-03-12 15:09:39','new-page','New Page',NULL,NULL,NULL,NULL,NULL,NULL,1,1,6,0,0,NULL,'','',0,NULL),
	(22,19,1,1,1,1,'ReportsPage','2013-03-12 15:09:50','2013-03-12 15:09:50','new-reports-page-2','New Reports Page',NULL,NULL,NULL,NULL,NULL,NULL,1,1,6,0,0,NULL,'','',0,NULL),
	(23,17,2,1,1,1,'ReportsPage','2013-03-12 14:49:04','2013-03-13 10:16:21','new-reports-page','New Reports Page',NULL,NULL,NULL,NULL,NULL,NULL,1,1,5,0,0,NULL,'','',0,NULL),
	(24,17,3,1,1,1,'ReportsPage','2013-03-12 14:49:04','2013-03-13 10:21:50','new-reports-page','New Reports Page',NULL,NULL,NULL,NULL,NULL,NULL,1,1,5,0,0,NULL,'','',0,NULL),
	(25,17,4,1,1,1,'ReportsPage','2013-03-12 14:49:04','2013-03-13 10:22:00','reports','Reports',NULL,NULL,NULL,NULL,NULL,NULL,1,1,5,0,0,NULL,'','',0,NULL),
	(26,17,5,1,1,1,'ReportsPage','2013-03-12 14:49:04','2013-03-13 10:22:15','reports','Reports',NULL,NULL,NULL,NULL,NULL,NULL,1,1,5,0,0,NULL,'','',0,NULL),
	(27,17,6,1,1,1,'ReportsPage','2013-03-12 14:49:04','2013-03-13 10:22:21','reports','Reports',NULL,NULL,NULL,NULL,NULL,NULL,0,0,5,0,0,NULL,'','',0,NULL),
	(28,20,1,0,1,0,'','2013-03-13 11:13:23','2013-03-13 11:13:23','new-model-landing-page','New Model Landing Page',NULL,NULL,NULL,NULL,NULL,NULL,1,1,6,0,0,NULL,'','',0,NULL),
	(29,20,2,1,1,1,'','2013-03-13 11:13:23','2013-03-13 11:13:33','fwd','FWD',NULL,NULL,NULL,NULL,NULL,NULL,1,1,6,0,0,NULL,'','',0,NULL),
	(30,20,3,0,1,0,'','2013-03-13 11:13:23','2013-03-13 11:27:12','fwd','FWD',NULL,NULL,NULL,NULL,NULL,NULL,1,1,6,0,0,NULL,'','',0,NULL),
	(31,20,4,1,1,1,'','2013-03-13 11:13:23','2013-03-13 11:27:48','fwd','FWD',NULL,NULL,NULL,NULL,NULL,NULL,1,1,6,0,0,NULL,'','',0,NULL),
	(32,20,5,0,1,0,'','2013-03-13 11:13:23','2013-03-13 11:31:40','fwd','FWD',NULL,NULL,NULL,NULL,NULL,NULL,1,1,6,0,0,NULL,'','',0,NULL),
	(33,20,6,0,1,0,'','2013-03-13 11:13:23','2013-03-13 11:31:52','fwd','FWD',NULL,NULL,NULL,NULL,NULL,NULL,1,1,6,0,0,NULL,'','',0,NULL),
	(34,20,7,1,1,1,'','2013-03-13 11:13:23','2013-03-13 11:31:58','fwd','FWD',NULL,NULL,NULL,NULL,NULL,NULL,1,1,6,0,0,NULL,'','',0,NULL),
	(35,21,1,0,1,0,'','2013-03-13 12:49:06','2013-03-13 12:49:06','new-overview-page','New Overview Page',NULL,NULL,NULL,NULL,NULL,NULL,1,1,7,0,0,NULL,'','',0,NULL),
	(36,21,2,1,1,1,'','2013-03-13 12:49:06','2013-03-13 12:49:25','overview','Overview',NULL,NULL,NULL,NULL,NULL,NULL,1,1,7,0,0,NULL,'','',0,NULL),
	(37,20,8,1,1,1,'Page','2013-03-13 11:13:23','2013-03-14 09:09:59','fwd','FWD',NULL,NULL,NULL,NULL,NULL,NULL,1,1,6,0,0,NULL,'','',0,NULL),
	(38,22,1,0,1,0,'','2013-03-14 09:10:14','2013-03-14 09:10:14','new-model-overview-page','New Model Overview Page',NULL,NULL,NULL,NULL,NULL,NULL,1,1,1,0,0,NULL,'','',20,NULL),
	(39,23,1,0,1,0,'Page','2013-03-14 09:11:06','2013-03-14 09:11:06','new-page','New Page',NULL,NULL,NULL,NULL,NULL,NULL,1,1,8,0,0,NULL,'','',0,NULL),
	(40,23,2,1,1,1,'Page','2013-03-14 09:11:06','2013-03-14 09:11:14','fwd','FWD',NULL,NULL,NULL,NULL,NULL,NULL,1,1,8,0,0,NULL,'','',0,NULL),
	(41,24,1,0,1,0,'','2013-03-14 09:11:20','2013-03-14 09:11:20','new-model-overview-page','New Model Overview Page',NULL,NULL,NULL,NULL,NULL,NULL,1,1,1,0,0,NULL,'','',23,NULL),
	(42,23,3,1,1,1,'RedirectorPage','2013-03-14 09:11:06','2013-03-14 09:14:31','fwd','FWD',NULL,NULL,NULL,NULL,NULL,NULL,1,1,8,0,0,NULL,'','',0,NULL),
	(43,23,4,1,1,1,'RedirectorPage','2013-03-14 09:11:06','2013-03-14 09:14:49','fwd','FWD',NULL,NULL,NULL,NULL,NULL,NULL,1,1,8,0,0,NULL,'','',0,NULL),
	(44,24,2,1,1,1,'','2013-03-14 09:11:20','2013-03-14 09:15:00','overview','Overview',NULL,NULL,NULL,NULL,NULL,NULL,1,1,1,0,0,NULL,'','',23,NULL),
	(45,25,1,0,1,0,'','2013-03-14 09:18:58','2013-03-14 09:18:58','new-model-landing-page','New Model Landing Page',NULL,NULL,NULL,NULL,NULL,NULL,1,1,1,0,0,NULL,'','',23,NULL),
	(46,25,2,1,1,1,'','2013-03-14 09:18:58','2013-03-14 09:19:05','overview','Overview',NULL,NULL,NULL,NULL,NULL,NULL,1,1,1,0,0,NULL,'','',23,NULL),
	(47,23,5,1,1,1,'RedirectorPage','2013-03-14 09:11:06','2013-03-14 09:19:37','fwd','FWD',NULL,NULL,NULL,NULL,NULL,NULL,1,1,8,0,0,NULL,'','',0,NULL),
	(48,26,1,0,1,0,'','2013-03-14 09:21:32','2013-03-14 09:21:32','new-model-specifications-page','New Model Specifications Page',NULL,NULL,NULL,NULL,NULL,NULL,1,1,2,0,0,NULL,'','',23,NULL),
	(49,26,2,1,1,1,'','2013-03-14 09:21:32','2013-03-14 09:21:45','specifications','Specifications',NULL,NULL,NULL,NULL,NULL,NULL,1,1,2,0,0,NULL,'','',23,NULL),
	(50,27,1,0,1,0,'','2013-03-14 09:23:13','2013-03-14 09:23:13','new-model-features-page','New Model Features Page',NULL,NULL,NULL,NULL,NULL,NULL,1,1,3,0,0,NULL,'','',23,NULL),
	(51,27,2,1,1,1,'','2013-03-14 09:23:13','2013-03-14 09:24:09','features','Features',NULL,NULL,NULL,NULL,NULL,NULL,1,1,3,0,0,NULL,'','',23,NULL),
	(52,28,1,0,1,0,'','2013-03-14 10:39:43','2013-03-14 10:39:43','new-model-gallery-page','New Model Gallery Page',NULL,NULL,NULL,NULL,NULL,NULL,1,1,4,0,0,NULL,'','',23,NULL),
	(53,28,2,1,1,1,'','2013-03-14 10:39:43','2013-03-14 10:39:50','gallery','Gallery',NULL,NULL,NULL,NULL,NULL,NULL,1,1,4,0,0,NULL,'','',23,NULL),
	(54,29,1,0,1,0,'','2013-03-14 11:24:01','2013-03-14 11:24:01','new-test-drive-page','New Test Drive Page',NULL,NULL,NULL,NULL,NULL,NULL,1,1,9,0,0,NULL,'','',0,NULL),
	(55,29,2,1,1,1,'','2013-03-14 11:24:01','2013-03-14 11:24:16','reserver-a-test-drive','Reserver a Test Drive',NULL,NULL,NULL,NULL,NULL,NULL,1,1,9,0,0,NULL,'','',0,NULL),
	(56,29,3,1,1,1,'','2013-03-14 11:24:01','2013-03-14 11:24:29','reserve-a-test-drive','Reserve a Test Drive',NULL,NULL,NULL,NULL,NULL,NULL,1,1,9,0,0,NULL,'','',0,NULL),
	(57,13,5,1,1,1,'HomePage','2013-03-12 14:19:27','2013-03-14 11:36:16','home','Home',NULL,NULL,NULL,NULL,NULL,NULL,1,1,1,0,0,NULL,'','',0,NULL),
	(58,25,3,0,1,0,'','2013-03-14 09:18:58','2013-03-18 10:57:34','overview','Overview',NULL,NULL,NULL,NULL,NULL,NULL,1,1,1,0,0,NULL,'','',23,NULL),
	(59,25,4,0,1,0,'','2013-03-14 09:18:58','2013-03-18 10:59:23','overview','Overview',NULL,NULL,NULL,NULL,NULL,NULL,1,1,1,0,0,NULL,'','',23,NULL),
	(60,25,5,1,1,1,'','2013-03-14 09:18:58','2013-03-18 10:59:26','overview','Overview',NULL,NULL,NULL,NULL,NULL,NULL,1,1,1,0,0,NULL,'','',23,NULL),
	(61,23,6,1,1,1,'RedirectorPage','2013-03-14 09:11:06','2013-03-18 11:00:03','fwd','Diesel',NULL,NULL,NULL,NULL,NULL,NULL,1,1,8,0,0,NULL,'','',0,NULL),
	(62,23,7,1,1,1,'RedirectorPage','2013-03-14 09:11:06','2013-03-18 11:00:14','diesel','Diesel',NULL,NULL,NULL,NULL,NULL,NULL,1,1,8,0,0,NULL,'','',0,NULL),
	(63,25,6,1,1,1,'','2013-03-14 09:18:58','2013-03-18 11:02:56','overview','Overview',NULL,NULL,NULL,NULL,NULL,NULL,1,1,1,0,0,NULL,'','',23,NULL),
	(64,25,7,1,1,1,'','2013-03-14 09:18:58','2013-03-18 11:03:05','overview','Overview',NULL,NULL,NULL,NULL,NULL,NULL,1,1,1,0,0,NULL,'','',23,NULL),
	(65,30,1,0,1,0,'RedirectorPage','2013-03-18 12:33:22','2013-03-18 12:33:22','new-redirector-page','New Redirector Page',NULL,NULL,NULL,NULL,NULL,NULL,1,1,10,0,1,NULL,'','',0,NULL),
	(66,30,2,1,1,1,'RedirectorPage','2013-03-18 12:33:22','2013-03-18 12:33:35','fwd','Fwd',NULL,NULL,NULL,NULL,NULL,NULL,1,1,10,0,1,NULL,'','',0,NULL),
	(67,31,1,0,1,0,'','2013-03-18 12:33:44','2013-03-18 12:33:44','new-model-landing-page','New Model Landing Page',NULL,NULL,NULL,NULL,NULL,NULL,1,1,11,0,0,NULL,'','',0,NULL),
	(68,31,2,1,1,1,'','2013-03-18 12:33:44','2013-03-18 12:33:52','overview','Overview',NULL,NULL,NULL,NULL,NULL,NULL,1,1,11,0,0,NULL,'','',0,NULL),
	(69,31,3,0,1,0,'','2013-03-18 12:33:44','2013-03-18 12:33:57','overview','Overview',NULL,NULL,NULL,NULL,NULL,NULL,1,1,11,0,0,NULL,'','',30,NULL),
	(70,31,4,1,1,1,'','2013-03-18 12:33:44','2013-03-18 12:33:57','overview','Overview',NULL,NULL,NULL,NULL,NULL,NULL,1,1,1,0,0,NULL,'','',30,NULL),
	(71,30,3,1,1,1,'RedirectorPage','2013-03-18 12:33:22','2013-03-18 12:34:29','fwd','Fwd',NULL,NULL,NULL,NULL,NULL,NULL,1,1,10,0,0,NULL,'','',0,NULL),
	(72,32,1,0,1,0,'','2013-03-18 12:34:41','2013-03-18 12:34:41','new-model-specifications-page','New Model Specifications Page',NULL,NULL,NULL,NULL,NULL,NULL,1,1,2,0,0,NULL,'','',30,NULL),
	(73,32,2,1,1,1,'','2013-03-18 12:34:41','2013-03-18 12:34:52','specifications','Specifications',NULL,NULL,NULL,NULL,NULL,NULL,1,1,2,0,0,NULL,'','',30,NULL),
	(74,33,1,0,1,0,'','2013-03-18 12:35:01','2013-03-18 12:35:01','new-model-features-page','New Model Features Page',NULL,NULL,NULL,NULL,NULL,NULL,1,1,3,0,0,NULL,'','',30,NULL),
	(75,33,2,1,1,1,'','2013-03-18 12:35:01','2013-03-18 12:35:07','features','Features',NULL,NULL,NULL,NULL,NULL,NULL,1,1,3,0,0,NULL,'','',30,NULL),
	(76,34,1,0,1,0,'','2013-03-18 12:35:12','2013-03-18 12:35:12','new-model-gallery-page','New Model Gallery Page',NULL,NULL,NULL,NULL,NULL,NULL,1,1,4,0,0,NULL,'','',30,NULL),
	(77,34,2,1,1,1,'','2013-03-18 12:35:12','2013-03-18 12:35:18','gallery','Gallery',NULL,NULL,NULL,NULL,NULL,NULL,1,1,4,0,0,NULL,'','',30,NULL),
	(78,30,4,1,1,1,'RedirectorPage','2013-03-18 12:33:22','2013-03-18 12:46:38','fwd','Fwd',NULL,NULL,NULL,NULL,NULL,NULL,1,1,6,0,0,NULL,'','',0,NULL),
	(79,35,1,0,1,0,'RedirectorPage','2013-03-18 13:52:36','2013-03-18 13:52:36','new-redirector-page','New Redirector Page',NULL,NULL,NULL,NULL,NULL,NULL,1,1,8,0,1,NULL,'','',0,NULL),
	(80,35,2,1,1,1,'RedirectorPage','2013-03-18 13:52:36','2013-03-18 13:52:44','awd','Awd',NULL,NULL,NULL,NULL,NULL,NULL,1,1,8,0,1,NULL,'','',0,NULL),
	(81,36,1,0,1,0,'','2013-03-18 13:52:51','2013-03-18 13:52:51','new-model-landing-page','New Model Landing Page',NULL,NULL,NULL,NULL,NULL,NULL,1,1,1,0,0,NULL,'','',35,NULL),
	(82,36,2,1,1,1,'','2013-03-18 13:52:51','2013-03-18 13:52:56','overview','Overview',NULL,NULL,NULL,NULL,NULL,NULL,1,1,1,0,0,NULL,'','',35,NULL),
	(83,35,3,1,1,1,'RedirectorPage','2013-03-18 13:52:36','2013-03-18 13:53:04','awd','Awd',NULL,NULL,NULL,NULL,NULL,NULL,1,1,8,0,0,NULL,'','',0,NULL),
	(84,35,4,1,1,1,'RedirectorPage','2013-03-18 13:52:36','2013-03-18 13:53:10','awd','Awd',NULL,NULL,NULL,NULL,NULL,NULL,1,1,7,0,0,NULL,'','',0,NULL),
	(85,25,8,1,1,1,'','2013-03-14 09:18:58','2013-03-18 13:54:14','overview','Overview',NULL,NULL,NULL,NULL,NULL,NULL,1,1,1,0,0,NULL,'','',23,NULL),
	(86,31,5,1,1,1,'','2013-03-18 12:33:44','2013-03-18 13:54:28','overview','Overview',NULL,NULL,NULL,NULL,NULL,NULL,1,1,1,0,0,NULL,'','',30,NULL),
	(87,36,3,1,1,1,'','2013-03-18 13:52:51','2013-03-18 13:57:39','overview','Overview',NULL,NULL,NULL,NULL,NULL,NULL,1,1,1,0,0,NULL,'','',35,NULL),
	(88,31,6,1,1,1,'','2013-03-18 12:33:44','2013-03-18 13:57:52','overview','Overview',NULL,NULL,NULL,NULL,NULL,NULL,1,1,1,0,0,NULL,'','',30,NULL),
	(89,36,4,1,1,1,'','2013-03-18 13:52:51','2013-03-18 13:57:58','overview','Overview',NULL,NULL,NULL,NULL,NULL,NULL,1,1,1,0,0,NULL,'','',35,NULL),
	(90,36,5,1,1,1,'','2013-03-18 13:52:51','2013-03-18 13:58:13','overview','Overview',NULL,NULL,NULL,NULL,NULL,NULL,1,1,1,0,0,NULL,'','',35,NULL),
	(91,31,7,1,1,1,'','2013-03-18 12:33:44','2013-03-18 13:58:18','overview','Overview',NULL,NULL,NULL,NULL,NULL,NULL,1,1,1,0,0,NULL,'','',30,NULL),
	(92,13,6,0,1,0,'HomePage','2013-03-12 14:19:27','2013-03-18 14:11:42','home','Home',NULL,NULL,NULL,NULL,NULL,NULL,1,1,1,0,0,NULL,'','',0,NULL),
	(93,13,7,1,1,1,'HomePage','2013-03-12 14:19:27','2013-03-18 14:11:50','home','Home',NULL,NULL,NULL,NULL,NULL,NULL,1,1,1,0,0,NULL,'','',0,NULL),
	(94,13,8,1,1,1,'HomePage','2013-03-12 14:19:27','2013-03-18 14:30:03','home','Home',NULL,NULL,NULL,NULL,NULL,NULL,1,1,1,0,0,NULL,'','',0,NULL),
	(95,17,7,0,1,0,'ReportsPage','2013-03-12 14:49:04','2013-03-18 14:30:09','reports','Reports',NULL,NULL,NULL,NULL,NULL,NULL,0,0,8,0,0,NULL,'','',0,NULL),
	(96,5,2,0,1,0,'ErrorPage','2013-03-12 13:40:37','2013-03-18 14:30:17','server-error','Server error',NULL,'<p>Sorry, there was a problem handling your request.</p>',NULL,NULL,NULL,NULL,0,0,8,0,0,NULL,'','',0,NULL),
	(97,4,2,0,1,0,'ErrorPage','2013-03-12 13:40:37','2013-03-18 14:30:20','page-not-found','Page not found',NULL,'<p>Sorry, it seems you were trying to access a page that doesn\'t exist.</p><p>Please check the spelling of the URL you were trying to access and try again.</p>',NULL,NULL,NULL,NULL,0,0,8,0,0,NULL,'','',0,NULL),
	(98,31,8,0,1,0,'','2013-03-18 12:33:44','2013-03-18 15:20:54','overview','Overview',NULL,NULL,NULL,NULL,NULL,NULL,1,1,1,0,0,NULL,'','',30,NULL),
	(99,31,9,0,1,0,'','2013-03-18 12:33:44','2013-03-18 15:21:00','overview','Overview',NULL,NULL,NULL,NULL,NULL,NULL,1,1,1,0,0,NULL,'','',30,NULL),
	(100,31,10,1,1,1,'','2013-03-18 12:33:44','2013-03-18 15:21:01','overview','Overview',NULL,NULL,NULL,NULL,NULL,NULL,1,1,1,0,0,NULL,'','',30,NULL),
	(101,36,6,0,1,0,'','2013-03-18 13:52:51','2013-03-18 15:21:06','overview','Overview',NULL,NULL,NULL,NULL,NULL,NULL,1,1,1,0,0,NULL,'','',35,NULL),
	(102,36,7,0,1,0,'','2013-03-18 13:52:51','2013-03-18 15:21:10','overview','Overview',NULL,NULL,NULL,NULL,NULL,NULL,1,1,1,0,0,NULL,'','',35,NULL),
	(103,36,8,1,1,1,'','2013-03-18 13:52:51','2013-03-18 15:21:11','overview','Overview',NULL,NULL,NULL,NULL,NULL,NULL,1,1,1,0,0,NULL,'','',35,NULL),
	(104,25,9,0,1,0,'','2013-03-14 09:18:58','2013-03-20 12:27:07','overview','Overview',NULL,NULL,NULL,NULL,NULL,NULL,1,1,1,0,0,NULL,'','',23,NULL),
	(105,25,10,0,1,0,'','2013-03-14 09:18:58','2013-03-20 12:28:30','overview','Overview',NULL,NULL,NULL,NULL,NULL,NULL,1,1,1,0,0,NULL,'','',23,NULL),
	(106,25,11,1,1,1,'','2013-03-14 09:18:58','2013-03-20 12:28:33','overview','Overview',NULL,NULL,NULL,NULL,NULL,NULL,1,1,1,0,0,NULL,'','',23,NULL),
	(107,31,11,0,1,0,'','2013-03-18 12:33:44','2013-03-20 12:29:29','overview','Overview',NULL,NULL,NULL,NULL,NULL,NULL,1,1,1,0,0,NULL,'','',30,NULL),
	(108,31,12,0,1,0,'','2013-03-18 12:33:44','2013-03-20 12:29:39','overview','Overview',NULL,NULL,NULL,NULL,NULL,NULL,1,1,1,0,0,NULL,'','',30,NULL),
	(109,31,13,1,1,1,'','2013-03-18 12:33:44','2013-03-20 12:29:41','overview','Overview',NULL,NULL,NULL,NULL,NULL,NULL,1,1,1,0,0,NULL,'','',30,NULL),
	(110,36,9,0,1,0,'','2013-03-18 13:52:51','2013-03-20 12:30:09','overview','Overview',NULL,NULL,NULL,NULL,NULL,NULL,1,1,1,0,0,NULL,'','',35,NULL),
	(111,36,10,0,1,0,'','2013-03-18 13:52:51','2013-03-20 12:30:17','overview','Overview',NULL,NULL,NULL,NULL,NULL,NULL,1,1,1,0,0,NULL,'','',35,NULL),
	(112,36,11,1,1,1,'','2013-03-18 13:52:51','2013-03-20 12:30:20','overview','Overview',NULL,NULL,NULL,NULL,NULL,NULL,1,1,1,0,0,NULL,'','',35,NULL),
	(113,13,9,0,1,0,'HomePage','2013-03-12 14:19:27','2013-03-20 15:10:44','home','Home',NULL,NULL,NULL,NULL,NULL,NULL,1,1,1,0,0,NULL,'','',0,NULL),
	(114,13,10,0,1,0,'HomePage','2013-03-12 14:19:27','2013-03-20 15:11:06','home','Home',NULL,NULL,NULL,NULL,NULL,NULL,1,1,1,0,0,NULL,'','',0,NULL),
	(115,13,11,1,1,1,'HomePage','2013-03-12 14:19:27','2013-03-20 15:11:10','home','Home',NULL,NULL,NULL,NULL,NULL,NULL,1,1,1,0,0,NULL,'','',0,NULL),
	(116,27,3,1,1,1,'','2013-03-14 09:23:13','2013-03-21 10:50:29','features','Features',NULL,NULL,NULL,NULL,NULL,NULL,1,1,3,0,0,NULL,'','',23,NULL),
	(117,27,4,1,1,1,'','2013-03-14 09:23:13','2013-03-21 10:53:02','features','Features',NULL,NULL,NULL,NULL,NULL,NULL,1,1,3,0,0,NULL,'','',23,NULL),
	(118,27,5,1,1,1,'','2013-03-14 09:23:13','2013-03-21 10:56:38','features','Features',NULL,NULL,NULL,NULL,NULL,NULL,1,1,3,0,0,NULL,'','',23,NULL),
	(119,25,12,0,1,0,'','2013-03-14 09:18:58','2013-03-21 11:01:23','overview','Overview',NULL,NULL,NULL,NULL,NULL,NULL,1,1,1,0,0,NULL,'','',23,NULL),
	(120,25,13,0,1,0,'','2013-03-14 09:18:58','2013-03-21 11:02:31','overview','Overview',NULL,NULL,NULL,NULL,NULL,NULL,1,1,1,0,0,NULL,'','',23,NULL),
	(121,25,14,1,1,1,'','2013-03-14 09:18:58','2013-03-21 11:02:34','overview','Overview',NULL,NULL,NULL,NULL,NULL,NULL,1,1,1,0,0,NULL,'','',23,NULL),
	(122,37,1,0,1,0,'','2013-03-21 11:49:15','2013-03-21 11:49:15','new-model-accessories-page','New Model Accessories Page',NULL,NULL,NULL,NULL,NULL,NULL,1,1,5,0,0,NULL,'','',23,NULL),
	(123,37,2,1,1,1,'','2013-03-21 11:49:15','2013-03-21 11:49:25','accessories','Accessories',NULL,NULL,NULL,NULL,NULL,NULL,1,1,5,0,0,NULL,'','',23,NULL),
	(124,37,3,1,1,1,'','2013-03-21 11:49:15','2013-03-21 11:51:18','accessories','Accessories',NULL,NULL,NULL,NULL,NULL,NULL,1,1,5,0,0,NULL,'','',23,NULL),
	(125,37,4,1,1,1,'','2013-03-21 11:49:15','2013-03-21 12:04:57','accessories','Accessories',NULL,NULL,NULL,NULL,NULL,NULL,1,1,5,0,0,NULL,'','',23,NULL),
	(126,37,5,1,1,1,'','2013-03-21 11:49:15','2013-03-21 12:08:54','accessories','Accessories',NULL,NULL,NULL,NULL,NULL,NULL,1,1,5,0,0,NULL,'','',23,NULL),
	(127,28,3,1,1,1,'','2013-03-14 10:39:43','2013-03-21 12:37:50','showcase','Showcase',NULL,NULL,NULL,NULL,NULL,NULL,1,1,4,0,0,NULL,'','',23,NULL),
	(128,34,3,1,1,1,'','2013-03-18 12:35:12','2013-03-21 12:38:03','showcase','Showcase',NULL,NULL,NULL,NULL,NULL,NULL,1,1,4,0,0,NULL,'','',30,NULL),
	(129,38,1,0,1,0,'','2013-03-21 14:03:27','2013-03-21 14:03:27','new-og-share-page','New Og Share Page',NULL,NULL,NULL,NULL,NULL,NULL,1,1,9,0,0,NULL,'','',0,NULL),
	(130,38,2,0,1,0,'','2013-03-21 14:03:27','2013-03-21 14:03:45','new-og-share-page','New Og Share Page',NULL,NULL,NULL,NULL,NULL,NULL,0,0,9,0,0,NULL,'','',0,NULL),
	(131,38,3,1,1,1,'','2013-03-21 14:03:27','2013-03-21 14:03:57','og-share','OG Share',NULL,NULL,NULL,NULL,NULL,NULL,0,0,9,0,0,NULL,'','',0,NULL),
	(132,38,4,1,1,1,'','2013-03-21 14:03:27','2013-03-21 14:06:24','share','Share',NULL,NULL,NULL,NULL,NULL,NULL,0,0,9,0,0,NULL,'','',0,NULL),
	(133,27,6,1,1,1,'','2013-03-14 09:23:13','2013-03-22 14:39:30','features','Features',NULL,NULL,NULL,NULL,NULL,NULL,1,1,3,0,0,NULL,'','',23,NULL),
	(134,30,5,0,2,0,'RedirectorPage','2013-03-18 12:33:22','2013-03-24 14:24:48','fwd','Fwd',NULL,NULL,NULL,NULL,NULL,NULL,1,1,2,0,0,NULL,'','',0,NULL),
	(135,35,5,0,2,0,'RedirectorPage','2013-03-18 13:52:36','2013-03-24 14:24:52','awd','Awd',NULL,NULL,NULL,NULL,NULL,NULL,1,1,4,0,0,NULL,'','',30,NULL),
	(136,35,6,0,2,0,'RedirectorPage','2013-03-18 13:52:36','2013-03-24 14:24:52','awd','Awd',NULL,NULL,NULL,NULL,NULL,NULL,1,1,5,0,0,NULL,'','',30,NULL),
	(137,35,7,0,2,0,'RedirectorPage','2013-03-18 13:52:36','2013-03-24 14:25:02','awd','Awd',NULL,NULL,NULL,NULL,NULL,NULL,1,1,5,0,0,NULL,'','',0,NULL),
	(138,35,8,0,2,0,'RedirectorPage','2013-03-18 13:52:36','2013-03-24 14:25:02','awd','Awd',NULL,NULL,NULL,NULL,NULL,NULL,1,1,2,0,0,NULL,'','',0,NULL),
	(139,30,6,0,2,0,'RedirectorPage','2013-03-18 12:33:22','2013-03-24 14:25:08','fwd','Fwd',NULL,NULL,NULL,NULL,NULL,NULL,1,1,2,0,0,NULL,'','',0,NULL),
	(140,31,14,1,2,2,'','2013-03-18 12:33:44','2013-03-24 14:25:41','overview','Overview',NULL,NULL,NULL,NULL,NULL,NULL,1,1,1,0,0,NULL,'','',30,NULL),
	(141,33,3,0,1,0,'','2013-03-18 12:35:01','2013-03-24 15:18:37','features','Features',NULL,NULL,NULL,NULL,NULL,NULL,1,1,3,0,0,NULL,'','',30,NULL),
	(142,33,4,1,1,1,'','2013-03-18 12:35:01','2013-03-24 15:19:18','features','Features',NULL,NULL,NULL,NULL,NULL,NULL,1,1,3,0,0,NULL,'','',30,NULL),
	(143,33,5,1,1,1,'','2013-03-18 12:35:01','2013-03-24 15:26:24','features','Features',NULL,NULL,NULL,NULL,NULL,NULL,1,1,3,0,0,NULL,'','',30,NULL),
	(144,27,7,1,1,1,'','2013-03-14 09:23:13','2013-03-24 15:27:38','features','Features',NULL,NULL,NULL,NULL,NULL,NULL,1,1,3,0,0,NULL,'','',23,NULL),
	(145,27,8,1,1,1,'','2013-03-14 09:23:13','2013-03-24 15:34:25','features','Features',NULL,NULL,NULL,NULL,NULL,NULL,1,1,3,0,0,NULL,'','',23,NULL),
	(146,27,9,1,1,1,'','2013-03-14 09:23:13','2013-03-24 15:36:41','features','Features',NULL,NULL,NULL,NULL,NULL,NULL,1,1,3,0,0,NULL,'','',23,NULL),
	(147,27,10,1,1,1,'','2013-03-14 09:23:13','2013-03-24 15:38:17','features','Features',NULL,NULL,NULL,NULL,NULL,NULL,1,1,3,0,0,NULL,'','',23,NULL),
	(148,27,11,1,1,1,'','2013-03-14 09:23:13','2013-03-24 15:40:54','features','Features',NULL,NULL,NULL,NULL,NULL,NULL,1,1,3,0,0,NULL,'','',23,NULL),
	(149,27,12,1,1,1,'','2013-03-14 09:23:13','2013-03-24 15:44:34','features','Features',NULL,NULL,NULL,NULL,NULL,NULL,1,1,3,0,0,NULL,'','',23,NULL),
	(150,27,13,1,1,1,'','2013-03-14 09:23:13','2013-03-24 15:54:18','features','Features',NULL,NULL,NULL,NULL,NULL,NULL,1,1,3,0,0,NULL,'','',23,NULL),
	(151,27,14,1,1,1,'','2013-03-14 09:23:13','2013-03-24 16:00:10','features','Features',NULL,NULL,NULL,NULL,NULL,NULL,1,1,3,0,0,NULL,'','',23,NULL),
	(152,39,1,0,1,0,'','2013-03-24 16:09:26','2013-03-24 16:09:26','new-model-specifications-page','New Model Specifications Page',NULL,NULL,NULL,NULL,NULL,NULL,1,1,10,0,0,NULL,'','',0,NULL),
	(153,39,2,0,1,0,'','2013-03-24 16:09:26','2013-03-24 16:09:35','new-model-specifications-page','New Model Specifications Page',NULL,NULL,NULL,NULL,NULL,NULL,1,1,10,0,0,NULL,'','',35,NULL),
	(154,39,3,0,1,0,'','2013-03-24 16:09:26','2013-03-24 16:09:35','new-model-specifications-page','New Model Specifications Page',NULL,NULL,NULL,NULL,NULL,NULL,1,1,2,0,0,NULL,'','',35,NULL),
	(155,39,4,1,1,1,'','2013-03-24 16:09:26','2013-03-24 16:09:58','specifications','Specifications',NULL,NULL,NULL,NULL,NULL,NULL,1,1,2,0,0,NULL,'','',35,NULL),
	(156,40,1,0,1,0,'','2013-03-24 16:10:28','2013-03-24 16:10:28','new-model-features-page','New Model Features Page',NULL,NULL,NULL,NULL,NULL,NULL,1,1,10,0,0,NULL,'','',0,NULL),
	(157,40,2,0,1,0,'','2013-03-24 16:10:28','2013-03-24 16:10:35','new-model-features-page','New Model Features Page',NULL,NULL,NULL,NULL,NULL,NULL,1,1,5,0,0,NULL,'','',0,NULL),
	(158,40,3,0,1,0,'','2013-03-24 16:10:28','2013-03-24 16:10:40','new-model-features-page','New Model Features Page',NULL,NULL,NULL,NULL,NULL,NULL,1,1,5,0,0,NULL,'','',35,NULL),
	(159,40,4,0,1,0,'','2013-03-24 16:10:28','2013-03-24 16:10:40','new-model-features-page','New Model Features Page',NULL,NULL,NULL,NULL,NULL,NULL,1,1,3,0,0,NULL,'','',35,NULL),
	(160,40,5,1,1,1,'','2013-03-24 16:10:28','2013-03-24 16:10:49','features','Features',NULL,NULL,NULL,NULL,NULL,NULL,1,1,3,0,0,NULL,'','',35,NULL),
	(161,41,1,0,1,0,'','2013-03-24 16:11:10','2013-03-24 16:11:10','new-model-gallery-page','New Model Gallery Page',NULL,NULL,NULL,NULL,NULL,NULL,1,1,11,0,0,NULL,'','',0,NULL),
	(162,41,2,0,1,0,'','2013-03-24 16:11:10','2013-03-24 16:11:16','new-model-gallery-page','New Model Gallery Page',NULL,NULL,NULL,NULL,NULL,NULL,1,1,11,0,0,NULL,'','',35,NULL),
	(163,41,3,0,1,0,'','2013-03-24 16:11:10','2013-03-24 16:11:16','new-model-gallery-page','New Model Gallery Page',NULL,NULL,NULL,NULL,NULL,NULL,1,1,4,0,0,NULL,'','',35,NULL),
	(164,41,4,1,1,1,'','2013-03-24 16:11:10','2013-03-24 16:11:24','showcase','Showcase',NULL,NULL,NULL,NULL,NULL,NULL,1,1,4,0,0,NULL,'','',35,NULL),
	(165,42,1,0,1,0,'','2013-03-24 16:12:39','2013-03-24 16:12:39','new-model-accessories-page','New Model Accessories Page',NULL,NULL,NULL,NULL,NULL,NULL,1,1,11,0,0,NULL,'','',0,NULL),
	(166,42,2,1,1,1,'','2013-03-24 16:12:39','2013-03-24 16:12:46','accessories','Accessories',NULL,NULL,NULL,NULL,NULL,NULL,1,1,11,0,0,NULL,'','',0,NULL),
	(167,42,3,0,1,0,'','2013-03-24 16:12:39','2013-03-24 16:13:02','accessories','Accessories',NULL,NULL,NULL,NULL,NULL,NULL,1,1,11,0,0,NULL,'','',35,NULL),
	(168,42,4,0,1,0,'','2013-03-24 16:12:39','2013-03-24 16:13:02','accessories','Accessories',NULL,NULL,NULL,NULL,NULL,NULL,1,1,5,0,0,NULL,'','',35,NULL),
	(169,43,1,0,1,0,'','2013-03-24 16:13:13','2013-03-24 16:13:13','new-model-accessories-page','New Model Accessories Page',NULL,NULL,NULL,NULL,NULL,NULL,1,1,11,0,0,NULL,'','',0,NULL),
	(170,43,2,0,1,0,'','2013-03-24 16:13:13','2013-03-24 16:13:22','new-model-accessories-page','New Model Accessories Page',NULL,NULL,NULL,NULL,NULL,NULL,1,1,11,0,0,NULL,'','',30,NULL),
	(171,43,3,0,1,0,'','2013-03-24 16:13:13','2013-03-24 16:13:22','new-model-accessories-page','New Model Accessories Page',NULL,NULL,NULL,NULL,NULL,NULL,1,1,5,0,0,NULL,'','',30,NULL),
	(172,43,4,1,1,1,'','2013-03-24 16:13:13','2013-03-24 16:13:29','accessories','Accessories',NULL,NULL,NULL,NULL,NULL,NULL,1,1,5,0,0,NULL,'','',30,NULL),
	(173,30,7,0,1,0,'RedirectorPage','2013-03-18 12:33:22','2013-03-24 16:13:39','fwd','Fwd',NULL,NULL,NULL,NULL,NULL,NULL,1,1,2,0,0,NULL,'','',0,NULL),
	(174,35,9,0,1,0,'RedirectorPage','2013-03-18 13:52:36','2013-03-24 16:13:48','awd','Awd',NULL,NULL,NULL,NULL,NULL,NULL,1,1,2,0,0,NULL,'','',0,NULL),
	(175,30,8,0,1,0,'RedirectorPage','2013-03-18 12:33:22','2013-03-24 16:13:51','fwd','Fwd',NULL,NULL,NULL,NULL,NULL,NULL,1,1,2,0,0,NULL,'','',0,NULL),
	(176,43,5,1,1,1,'','2013-03-24 16:13:13','2013-03-24 16:14:01','accessories','Accessories',NULL,NULL,NULL,NULL,NULL,NULL,1,1,5,0,0,NULL,'','',0,NULL),
	(177,43,6,0,2,0,'','2013-03-24 16:13:13','2013-03-24 16:16:29','accessories','Accessories',NULL,NULL,NULL,NULL,NULL,NULL,1,1,5,0,0,NULL,'','',30,NULL),
	(178,33,6,1,1,1,'','2013-03-18 12:35:01','2013-03-24 16:20:33','features','Features',NULL,NULL,NULL,NULL,NULL,NULL,1,1,3,0,0,NULL,'','',30,NULL),
	(179,33,7,1,1,1,'','2013-03-18 12:35:01','2013-03-24 16:22:21','features','Features',NULL,NULL,NULL,NULL,NULL,NULL,1,1,3,0,0,NULL,'','',30,NULL),
	(180,27,15,1,1,1,'','2013-03-14 09:23:13','2013-03-24 16:37:46','features','Features',NULL,NULL,NULL,NULL,NULL,NULL,1,1,3,0,0,NULL,'','',23,NULL),
	(181,40,6,1,2,2,'','2013-03-24 16:10:28','2013-03-24 16:38:09','features','Features',NULL,NULL,NULL,NULL,NULL,NULL,1,1,3,0,0,NULL,'','',35,NULL),
	(182,40,7,1,2,2,'','2013-03-24 16:10:28','2013-03-24 16:39:14','features','Features',NULL,NULL,NULL,NULL,NULL,NULL,1,1,3,0,0,NULL,'','',35,NULL),
	(183,40,8,1,2,2,'','2013-03-24 16:10:28','2013-03-24 16:39:22','features','Features',NULL,NULL,NULL,NULL,NULL,NULL,1,1,3,0,0,NULL,'','',35,NULL),
	(184,44,1,0,1,0,'','2013-03-24 16:49:29','2013-03-24 16:49:29','new-model-accessories-page','New Model Accessories Page',NULL,NULL,NULL,NULL,NULL,NULL,1,1,6,0,0,NULL,'','',30,NULL),
	(185,44,2,1,1,1,'','2013-03-24 16:49:29','2013-03-24 16:49:52','accessories-2','Accessories',NULL,NULL,NULL,NULL,NULL,NULL,1,1,6,0,0,NULL,'','',30,NULL),
	(186,43,7,1,1,1,'','2013-03-24 16:13:13','2013-03-24 16:52:55','accessories','Accessories',NULL,NULL,NULL,NULL,NULL,NULL,1,1,5,0,0,NULL,'','',30,NULL),
	(187,43,8,1,1,1,'','2013-03-24 16:13:13','2013-03-24 16:54:19','accessories','Accessories',NULL,NULL,NULL,NULL,NULL,NULL,1,1,5,0,0,NULL,'','',30,NULL),
	(188,42,5,1,1,1,'','2013-03-24 16:12:39','2013-03-24 16:56:35','accessories','Accessories',NULL,NULL,NULL,NULL,NULL,NULL,1,1,5,0,0,NULL,'','',35,NULL),
	(189,37,6,1,1,1,'','2013-03-21 11:49:15','2013-03-24 16:57:08','accessories','Accessories',NULL,NULL,NULL,NULL,NULL,NULL,1,1,5,0,0,NULL,'','',23,NULL),
	(190,43,9,1,1,1,'','2013-03-24 16:13:13','2013-03-25 08:49:35','accessories','Accessories',NULL,NULL,NULL,NULL,NULL,NULL,1,1,5,0,0,NULL,'','',30,NULL),
	(191,43,10,1,1,1,'','2013-03-24 16:13:13','2013-03-25 08:50:02','accessories','Accessories',NULL,NULL,NULL,NULL,NULL,NULL,1,1,5,0,0,NULL,'','',30,NULL),
	(192,43,11,1,1,1,'','2013-03-24 16:13:13','2013-03-25 08:50:39','accessories','Accessories',NULL,NULL,NULL,NULL,NULL,NULL,1,1,5,0,0,NULL,'','',30,NULL),
	(193,43,12,1,1,1,'','2013-03-24 16:13:13','2013-03-25 08:50:52','accessories','Accessories',NULL,NULL,NULL,NULL,NULL,NULL,1,1,5,0,0,NULL,'','',30,NULL),
	(194,43,13,1,1,1,'','2013-03-24 16:13:13','2013-03-25 08:51:23','accessories','Accessories',NULL,NULL,NULL,NULL,NULL,NULL,1,1,5,0,0,NULL,'','',30,NULL),
	(195,43,14,1,1,1,'','2013-03-24 16:13:13','2013-03-25 08:51:43','accessories','Accessories',NULL,NULL,NULL,NULL,NULL,NULL,1,1,5,0,0,NULL,'','',30,NULL),
	(196,30,9,1,1,1,'RedirectorPage','2013-03-18 12:33:22','2013-03-25 08:51:53','fwd','2WD',NULL,NULL,NULL,NULL,NULL,NULL,1,1,2,0,0,NULL,'','',0,NULL),
	(197,35,10,1,1,1,'RedirectorPage','2013-03-18 13:52:36','2013-03-25 08:52:03','awd','AWD',NULL,NULL,NULL,NULL,NULL,NULL,1,1,3,0,0,NULL,'','',0,NULL),
	(198,30,10,1,1,1,'RedirectorPage','2013-03-18 12:33:22','2013-03-25 08:52:17','2wd','2WD',NULL,NULL,NULL,NULL,NULL,NULL,1,1,2,0,0,NULL,'','',0,NULL),
	(199,42,6,1,1,1,'','2013-03-24 16:12:39','2013-03-25 08:58:40','accessories','Accessories',NULL,NULL,NULL,NULL,NULL,NULL,1,1,5,0,0,NULL,'','',35,NULL),
	(200,37,7,1,1,1,'','2013-03-21 11:49:15','2013-03-25 08:58:55','accessories','Accessories',NULL,NULL,NULL,NULL,NULL,NULL,1,1,5,0,0,NULL,'','',23,NULL),
	(201,25,15,1,1,1,'','2013-03-14 09:18:58','2013-03-25 09:14:17','overview','Overview',NULL,NULL,NULL,NULL,NULL,NULL,1,1,1,0,0,NULL,'','',23,NULL),
	(202,25,16,1,1,1,'','2013-03-14 09:18:58','2013-03-25 09:14:31','overview','Overview',NULL,NULL,NULL,NULL,NULL,NULL,1,1,1,0,0,NULL,'','',23,NULL),
	(203,25,17,1,1,1,'','2013-03-14 09:18:58','2013-03-25 09:33:58','overview','Overview',NULL,NULL,NULL,NULL,NULL,NULL,1,1,1,0,0,NULL,'','',23,NULL),
	(204,31,15,1,1,1,'','2013-03-18 12:33:44','2013-03-25 09:43:31','overview','Overview',NULL,NULL,NULL,NULL,NULL,NULL,1,1,1,0,0,NULL,'','',30,NULL),
	(205,25,18,1,1,1,'','2013-03-14 09:18:58','2013-03-25 09:44:20','overview','Overview',NULL,NULL,NULL,NULL,NULL,NULL,1,1,1,0,0,NULL,'','',23,NULL),
	(206,31,16,1,1,1,'','2013-03-18 12:33:44','2013-03-25 09:45:35','overview','Overview',NULL,NULL,NULL,NULL,NULL,NULL,1,1,1,0,0,NULL,'','',30,NULL),
	(207,36,12,1,1,1,'','2013-03-18 13:52:51','2013-03-25 09:46:30','overview','Overview',NULL,NULL,NULL,NULL,NULL,NULL,1,1,1,0,0,NULL,'','',35,NULL),
	(208,17,8,1,1,1,'ReportsPage','2013-03-12 14:49:04','2013-03-25 12:21:09','reports','Reports',NULL,NULL,NULL,NULL,NULL,NULL,0,0,6,0,0,NULL,'','',0,NULL),
	(209,17,9,1,2,1,'ReportsPage','2013-03-12 14:49:04','2013-03-28 10:46:45','reports','Reports',NULL,NULL,NULL,NULL,NULL,NULL,0,0,6,0,0,NULL,'','',0,NULL),
	(210,17,10,1,1,1,'ReportsPage','2013-03-12 14:49:04','2013-08-27 15:49:17','reports','Reports',NULL,NULL,NULL,NULL,NULL,NULL,0,0,6,0,0,NULL,NULL,NULL,0,NULL),
	(211,17,11,1,1,1,'ReportsPage','2013-03-12 14:49:04','2013-08-27 15:56:01','reports','Reports',NULL,NULL,NULL,NULL,NULL,NULL,0,0,6,0,0,NULL,NULL,NULL,0,NULL),
	(212,17,12,1,1,1,'ReportsPage','2013-03-12 14:49:04','2013-08-27 15:57:21','reports','Reports',NULL,NULL,NULL,NULL,NULL,NULL,0,0,6,0,0,NULL,NULL,NULL,0,NULL),
	(213,17,13,1,1,1,'ReportsPage','2013-03-12 14:49:04','2013-08-27 15:57:49','reports','Reports',NULL,NULL,NULL,NULL,NULL,NULL,0,0,6,0,0,NULL,NULL,NULL,0,NULL),
	(214,17,14,1,1,1,'ReportsPage','2013-03-12 14:49:04','2013-08-27 15:58:18','reports','Reports',NULL,NULL,NULL,NULL,NULL,NULL,0,0,6,0,0,NULL,NULL,NULL,0,NULL),
	(215,17,15,1,1,1,'ReportsPage','2013-03-12 14:49:04','2013-08-27 15:58:22','reports','Reports',NULL,NULL,NULL,NULL,NULL,NULL,0,0,6,0,0,NULL,NULL,NULL,0,NULL),
	(216,17,16,1,1,1,'ReportsPage','2013-03-12 14:49:04','2013-08-27 15:59:51','reports','Reports',NULL,NULL,NULL,NULL,NULL,NULL,0,0,6,0,0,NULL,NULL,NULL,0,NULL),
	(217,17,17,1,1,1,'ReportsPage','2013-03-12 14:49:04','2013-08-27 16:00:10','reports','Reports',NULL,NULL,NULL,NULL,NULL,NULL,0,0,6,0,0,NULL,NULL,NULL,0,NULL);

/*!40000 ALTER TABLE `SiteTree_versions` ENABLE KEYS */;
UNLOCK TABLES;


# Dump of table SiteTree_ViewerGroups
# ------------------------------------------------------------

DROP TABLE IF EXISTS `SiteTree_ViewerGroups`;

CREATE TABLE `SiteTree_ViewerGroups` (
  `ID` int(11) NOT NULL AUTO_INCREMENT,
  `SiteTreeID` int(11) NOT NULL DEFAULT '0',
  `GroupID` int(11) NOT NULL DEFAULT '0',
  PRIMARY KEY (`ID`),
  KEY `SiteTreeID` (`SiteTreeID`),
  KEY `GroupID` (`GroupID`)
) ENGINE=InnoDB DEFAULT CHARSET=latin1;

LOCK TABLES `SiteTree_ViewerGroups` WRITE;
/*!40000 ALTER TABLE `SiteTree_ViewerGroups` DISABLE KEYS */;

INSERT INTO `SiteTree_ViewerGroups` (`ID`, `SiteTreeID`, `GroupID`)
VALUES
	(1,17,2),
	(2,17,3);

/*!40000 ALTER TABLE `SiteTree_ViewerGroups` ENABLE KEYS */;
UNLOCK TABLES;


# Dump of table VirtualPage
# ------------------------------------------------------------

DROP TABLE IF EXISTS `VirtualPage`;

CREATE TABLE `VirtualPage` (
  `ID` int(11) NOT NULL AUTO_INCREMENT,
  `VersionID` int(11) NOT NULL DEFAULT '0',
  `CopyContentFromID` int(11) NOT NULL DEFAULT '0',
  PRIMARY KEY (`ID`),
  KEY `CopyContentFromID` (`CopyContentFromID`)
) ENGINE=InnoDB DEFAULT CHARSET=latin1;



# Dump of table VirtualPage_Live
# ------------------------------------------------------------

DROP TABLE IF EXISTS `VirtualPage_Live`;

CREATE TABLE `VirtualPage_Live` (
  `ID` int(11) NOT NULL AUTO_INCREMENT,
  `VersionID` int(11) NOT NULL DEFAULT '0',
  `CopyContentFromID` int(11) NOT NULL DEFAULT '0',
  PRIMARY KEY (`ID`),
  KEY `CopyContentFromID` (`CopyContentFromID`)
) ENGINE=InnoDB DEFAULT CHARSET=latin1;



# Dump of table VirtualPage_versions
# ------------------------------------------------------------

DROP TABLE IF EXISTS `VirtualPage_versions`;

CREATE TABLE `VirtualPage_versions` (
  `ID` int(11) NOT NULL AUTO_INCREMENT,
  `RecordID` int(11) NOT NULL DEFAULT '0',
  `Version` int(11) NOT NULL DEFAULT '0',
  `VersionID` int(11) NOT NULL DEFAULT '0',
  `CopyContentFromID` int(11) NOT NULL DEFAULT '0',
  PRIMARY KEY (`ID`),
  UNIQUE KEY `RecordID_Version` (`RecordID`,`Version`),
  KEY `RecordID` (`RecordID`),
  KEY `Version` (`Version`),
  KEY `CopyContentFromID` (`CopyContentFromID`)
) ENGINE=InnoDB DEFAULT CHARSET=latin1;




/*!40111 SET SQL_NOTES=@OLD_SQL_NOTES */;
/*!40101 SET SQL_MODE=@OLD_SQL_MODE */;
/*!40014 SET FOREIGN_KEY_CHECKS=@OLD_FOREIGN_KEY_CHECKS */;
/*!40101 SET CHARACTER_SET_CLIENT=@OLD_CHARACTER_SET_CLIENT */;
/*!40101 SET CHARACTER_SET_RESULTS=@OLD_CHARACTER_SET_RESULTS */;
/*!40101 SET COLLATION_CONNECTION=@OLD_COLLATION_CONNECTION */;
